,Provedor,Estado,Longitude,Latitude
5790,Vivo,PA,-1.4477777777778,-48.495277777778
5948,Vivo,PA,-1.45861,-48.49361
5949,Vivo,PA,-1.4530555555556,-48.50111
5950,Vivo,PA,-1.45972,-48.48
5951,Vivo,PA,-1.4680555555556,-48.46583
5952,Vivo,PA,-1.4675,-48.48972
5953,Vivo,PA,-1.42833,-48.48306
5954,Vivo,PA,-1.3908333333333,-48.481111111111
5955,Vivo,PA,-1.43694,-48.45556
5956,Vivo,PA,-1.36694,-48.37556
5957,Vivo,PA,-1.3513888888889,-48.476111111111
5958,Vivo,PA,-1.3702777777778,-48.44333
5959,Vivo,PA,-1.29833,-48.47861
5960,Vivo,PA,-1.25333,-48.46028
5963,Vivo,PA,-1.10278,-48.40194
5964,Vivo,PA,-1.14139,-48.46
5998,Vivo,PA,-1.4036111111111,-48.431944444444
5999,Vivo,PA,-1.3386111111111,-48.450555555556
6160,Vivo,PA,-1.4466666666667,-48.4775
6633,Vivo,PA,-2.43917,-54.71806
6634,Vivo,PA,-2.51056,-54.95361
6778,Vivo,PA,-1.3377777777778,-48.24444
6779,Vivo,PA,-1.29056,-48.15028
6780,Vivo,PA,-1.34694,-47.57638
6781,Vivo,PA,-1.29722,-47.92083
6782,Vivo,PA,-1.19556,-47.18194
6783,Vivo,PA,-0.62611,-47.34167
6784,Vivo,PA,-0.59972,-47.30972
6785,Vivo,PA,-1.3511111111111,-48.408611111111
6786,Vivo,PA,-1.41861,-48.465
7091,Vivo,PA,-1.55694,-48.72833
7204,Vivo,PA,-1.06361,-46.76666
7205,Vivo,PA,-5.34806,-49.08472
7206,Vivo,PA,-5.365,-49.11472
7207,Vivo,PA,-0.85833,-48.13472
7291,Vivo,PA,-1.51277,-48.68361
7292,Vivo,PA,-2.99111,-47.37055
7679,Vivo,PA,-0.75194,-48.52666
7772,Vivo,PA,-1.45222,-48.46722
7773,Vivo,PA,-1.38472,-48.40722
7774,Vivo,PA,-1.3972222222222,-48.454722222222
7776,Vivo,PA,-1.37168,-48.32994
7868,Vivo,PA,-1.90722,-48.76944
8406,Vivo,PA,-8.0358333333333,-50.019444444444
8408,Vivo,PA,-2.91972,-48.95833
8412,Vivo,PA,-1.6741666666667,-47.49833
8413,Vivo,PA,-8.2741666666667,-49.27361
8414,Vivo,PA,-4.78694,-48.065
8447,Vivo,PA,-3.76389,-49.68222
8448,Vivo,PA,-3.83361,-49.68639
8449,Vivo,PA,-4.26972,-55.98944
8454,Vivo,PA,-3.8627777777778,-49.09583
8912,Vivo,PA,-7.09287,-49.94722
8913,Vivo,PA,-7.3144444444444,-50.0475
8918,Vivo,PA,-4.43556,-49.115
8929,Vivo,PA,-1.53167,-46.89333
9073,Vivo,PA,-0.90805555555556,-47.243333333333
9085,Vivo,PA,-3.19444,-52.220277777778
9106,Vivo,PA,-4.95417,-48.41194
9272,Vivo,PA,-6.50972,-49.852777777778
9273,Vivo,PA,-4.24417,-49.94444
9274,Vivo,PA,-3.7647222222222,-49.560277777778
9275,Vivo,PA,-2.9469444444444,-47.444166666667
9818,Vivo,PA,-1.97111,-48.96611
9819,Vivo,PA,-2.90222,-52.01361
9820,Vivo,PA,-3.2905555555556,-52.545555555556
9882,Vivo,PA,-0.71667,-47.76639
10570,Vivo,PA,-1.3055555555556,-48.000277777778
10575,Vivo,PA,-2.58083,-51.92444
10579,TIM,PA,-1.4263,-48.470461111111
10581,TIM,PA,-1.42511,-48.483
10582,TIM,PA,-1.462917,-48.478917
10583,TIM,PA,-1.4413888888889,-48.464305555556
10585,TIM,PA,-1.4179166666667,-48.477472222222
10587,TIM,PA,-1.40725,-48.445638888889
10589,Vivo,PA,-2.22722,-49.488055555556
10590,TIM,PA,-1.4668055555556,-48.486138888889
10593,TIM,PA,-1.471306,-48.493111
10596,TIM,PA,-1.42725,-48.457488888889
10597,TIM,PA,-1.45435,-48.474630555556
10599,TIM,PA,-1.44825,-48.45035
10614,TIM,PA,-1.3994444444444,-48.474444444444
10615,TIM,PA,-1.46056,-48.46944
10616,TIM,PA,-1.41528,-48.48722
10617,TIM,PA,-1.4715805555556,-48.461738888889
10619,TIM,PA,-1.3713194444444,-48.394638888889
10623,TIM,PA,-1.2938888888889,-47.923888888889
10626,TIM,PA,-1.41422,-48.46764
10629,TIM,PA,-1.3645888888889,-48.410761111111
10631,TIM,PA,-1.385,-48.41
10633,TIM,PA,-1.35175,-48.402180555556
10634,TIM,PA,-1.3877777777778,-48.381666666667
10638,TIM,PA,-1.367861,-48.373083
10643,TIM,PA,-1.3522611111111,-48.434783333333
10648,TIM,PA,-1.3507194444444,-48.419338888889
10653,TIM,PA,-1.380167,-48.426583
10655,TIM,PA,-1.350889,-48.387
10656,TIM,PA,-1.51806,-48.69056
10657,TIM,PA,-0.62291666666667,-47.345333333333
10658,TIM,PA,-1.3661,-48.339069444444
10659,TIM,PA,-1.312361,-48.450278
10660,TIM,PA,-1.3802888888889,-48.456411111111
10661,TIM,PA,-1.3626388888889,-48.446830555556
10663,TIM,PA,-1.3499444444444,-48.457694444444
10664,TIM,PA,-1.334639,-48.448306
10667,TIM,PA,-1.3022222222222,-48.485555555556
10669,TIM,PA,-1.464281,-48.449089
10672,TIM,PA,-1.418111,-48.448778
10674,TIM,PA,-1.450639,-48.463139
10679,TIM,PA,-1.36175,-48.24275
10687,TIM,PA,-1.34225,-48.478138888889
10691,TIM,PA,-1.360528,-48.467694
10692,TIM,PA,-1.309972,-48.475111
10693,TIM,PA,-1.32606,-48.43883
10694,TIM,PA,-1.2959805555556,-47.947438888889
11364,TIM,PA,-1.394444,-48.394222
11371,TIM,PA,-1.471944,-48.478
11372,TIM,PA,-1.434639,-48.475111
11373,TIM,PA,-1.445639,-48.492083
11374,TIM,PA,-1.390222,-48.481
11375,TIM,PA,-1.4625,-48.500556
11376,TIM,PA,-1.453111,-48.482
11377,TIM,PA,-1.400667,-48.453917
11379,TIM,PA,-1.4442777777778,-48.470722222222
11383,TIM,PA,-1.4368305555556,-48.454830555556
11384,TIM,PA,-1.46083,-48.49278
11385,TIM,PA,-1.304861,-47.999583
11386,TIM,PA,-1.291056,-48.457472
11387,TIM,PA,-1.382083,-48.437861
11388,TIM,PA,-0.615,-47.358333
11411,Vivo,PA,-6.0666666666667,-49.895555555556
11955,TIM,PA,-1.4345444444444,-48.488155555556
11956,TIM,PA,-1.444556,-48.480889
11957,TIM,PA,-1.450722,-48.499139
11994,Vivo,PA,-1.07111,-48.352777777778
12472,Vivo,PA,-2.46417,-48.745
12475,Vivo,PA,-5.1375,-49.34333
12684,Vivo,PA,-1.7213888888889,-49.528055555556
12685,Vivo,PA,-4.27444,-47.55861
12686,Vivo,PA,-1.32472,-48.35194
12740,TIM,PA,-5.3438611111111,-49.097138888889
12941,TIM,PA,-1.724389,-48.888194
12944,TIM,PA,-1.341111,-48.356806
12945,TIM,PA,-1.5075277777778,-48.619111111111
12946,TIM,PA,-1.361639,-48.476
12948,TIM,PA,-1.0563055555556,-46.763388888889
12951,TIM,PA,-1.1928055555556,-47.180111111111
12952,TIM,PA,-1.2773888888889,-48.474
12957,TIM,PA,-1.25944,-48.465
12961,TIM,PA,-1.162111,-48.467
12971,TIM,PA,-1.1418055555556,-48.462388888889
12975,TIM,PA,-1.121194,-48.4295
12993,TIM,PA,-2.984861,-47.451889
13088,TIM,PA,-1.4575,-48.49472
13089,TIM,PA,-1.40389,-48.43083
13172,Vivo,PA,-6.46,-50.074166666667
13315,TIM,PA,-1.4482222222222,-48.468361111111
13424,Vivo,PA,-0.63333,-47.65333
13439,TIM,PA,-1.4545472222222,-48.502044444444
13449,Vivo,PA,-2.00222,-49.86556
13450,Vivo,PA,-1.67528,-50.47528
13452,Vivo,PA,-2.41777,-48.1525
13454,Vivo,PA,-6.10028,-49.61056
13455,Vivo,PA,-3.46028,-52.8875
13456,Vivo,PA,-1.98528,-47.94111
13457,Vivo,PA,-0.865,-52.53639
13535,Vivo,PA,-2.41,-48.25694
14097,TIM,PA,-5.3488861111111,-49.132941666667
14101,TIM,PA,-5.370378,-49.119122
14102,TIM,PA,-5.383444,-49.135417
14195,Vivo,PA,-2.47472,-54.70694
14197,Vivo,PA,-4.1441666666667,-50.213055555556
14822,TIM,PA,-2.42222,-54.71639
14824,TIM,PA,-2.43167,-54.73278
14826,TIM,PA,-2.475,-54.70556
15690,Vivo,PA,-8.2108333333333,-49.616111111111
15759,Vivo,PA,-1.5116666666667,-48.611111111111
15801,Vivo,PA,-1.94972,-54.74083
15804,Vivo,PA,-1.89722,-50.21472
15807,Vivo,PA,-0.8275,-46.60528
15864,Vivo,PA,-1.7261111111111,-48.874166666667
16650,TIM,PA,-3.1946666666667,-52.220055555556
16651,TIM,PA,-4.2956111111111,-47.557527777778
16653,TIM,PA,-2.2488583333333,-49.501888888889
16685,TIM,PA,-3.843339,-49.681689
16686,TIM,PA,-3.7661111111111,-49.668638888889
16687,TIM,PA,-2.944194,-48.955861
16688,TIM,PA,-1.3493888888889,-47.574666666667
16689,TIM,PA,-1.8881527777778,-48.765483333333
16693,TIM,PA,-1.1293888888889,-47.622222222222
16700,TIM,PA,-7.1041277777778,-49.946322222222
16701,TIM,PA,-0.856833,-48.14125
16703,TIM,PA,-1.2904166666667,-48.155166666667
16704,TIM,PA,-6.07,-50.0625
16705,TIM,PA,-1.6835,-50.479805555556
16706,TIM,PA,-6.0670694444444,-49.895944444444
16708,TIM,PA,-1.070667,-48.392361
16709,TIM,PA,-1.619722,-47.48275
17286,TIM,PA,-1.9846944,-48.9553611
17776,TIM,PA,-4.266861,-55.992444
17782,TIM,PA,-1.9129916666667,-55.517216666667
17783,TIM,PA,-1.757639,-55.859306
17786,TIM,PA,-1.4712222222222,-56.381
17787,TIM,PA,-1.6795833333333,-56.412555555556
17789,TIM,PA,-0.66001111111111,-47.282047222222
17792,TIM,PA,-3.7473611111111,-47.497047222222
18124,Vivo,PA,-1.4933333333333,-48.706944444444
18912,Vivo,PA,-6.10361,-49.34944
19619,TIM,PA,-1.3994722222222,-48.422777777778
19623,TIM,PA,-4.7859527777778,-48.072319444444
19625,TIM,PA,-0.86361111111111,-52.536666666667
19633,TIM,PA,-2.0501666666667,-47.553694444444
19634,TIM,PA,-4.4459805555556,-49.116355555556
19639,TIM,PA,-3.8621944444444,-49.096388888889
19640,TIM,PA,-8.2623583333333,-49.265108333333
19641,TIM,PA,-6.50972,-49.8525
20720,TIM,PA,-1.433944,-48.465111
20721,TIM,PA,-1.3600555555556,-48.260611111111
20722,TIM,PA,-1.7486027777778,-47.060722222222
20723,TIM,PA,-1.551292,-47.116828
20727,TIM,PA,-1.3956555555556,-48.418711111111
20733,TIM,PA,-1.412417,-48.439944
20734,TIM,PA,-1.4515833333333,-48.489138888889
20737,TIM,PA,-1.30161,-48.31019
20741,TIM,PA,-1.565861,-48.766583
21623,Vivo,PA,-6.81538,-50.491627777778
21636,Vivo,PA,-1.88901,-55.11049
21637,Vivo,PA,-0.72361,-47.855
21639,Vivo,PA,-1.67959,-56.41264
21640,Vivo,PA,-4.91944,-49.08667
21641,Vivo,PA,-1.91269,-55.51771
21642,Vivo,PA,-1.75806,-55.85833
21643,Vivo,PA,-6.74479,-51.06943
21644,Vivo,PA,-1.47083,-56.38083
21646,Vivo,PA,-2.1060666666667,-56.491530555556
21647,Vivo,PA,-6.7533888888889,-51.154666666667
21797,TIM,PA,-6.0578888888889,-50.157472222222
21818,TIM,PA,-1.4002777777778,-48.490638888889
22054,Vivo,PA,-1.41722,-48.4925
22209,Vivo,PA,-6.93778,-49.70111
22211,Vivo,PA,-5.19972,-49.04306
22459,Vivo,PA,-1.15056,-48.13944
22471,Vivo,PA,-0.74583,-48.02111
22496,Vivo,PA,-1.68694,-47.765
22708,Vivo,PA,-9.33611,-50.34056
22710,Vivo,PA,-6.0697222222222,-50.0625
22712,Vivo,PA,-5.4176194444444,-49.091580555556
22714,Vivo,PA,-3.74722,-47.49694
22715,Vivo,PA,-1.1263888888889,-47.625277777778
22720,Vivo,PA,-1.74083,-47.05917
22721,Vivo,PA,-2.0541666666667,-47.544444444444
22722,Vivo,PA,-1.29417,-47.89222
22759,Vivo,PA,-5.34916,-49.13444
22760,Vivo,PA,-5.53715,-48.7252
22811,Vivo,PA,-6.0578888888889,-50.157472222222
23445,TIM,PA,-2.5065833333333,-54.953
23446,TIM,PA,-1.40725,-48.428361
23447,TIM,PA,-1.336583,-48.384603
23448,TIM,PA,-1.366972,-48.42775
23452,TIM,PA,-1.45056,-48.47444
23453,TIM,PA,-1.2943611111111,-47.892361111111
23455,TIM,PA,-5.2105305555556,-49.043066666667
23463,TIM,PA,-2.44333,-54.70472
23563,TIM,PA,-1.448306,-48.482861
24450,TIM,PA,-1.400178,-48.432319
24717,TIM,PA,-1.43025,-48.448167
25136,Vivo,PA,-1.44028,-48.48528
25334,Vivo,PA,-3.71722,-53.73614
25387,TIM,PA,-1.439444,-48.487333
25388,TIM,PA,-1.450694,-48.495028
25389,TIM,PA,-2.58525,-49.5059166
25390,TIM,PA,-4.244111,-49.944556
25391,TIM,PA,-1.9331666666667,-50.8195
25392,TIM,PA,-1.30694,-48.03944
25393,TIM,PA,-1.303833,-47.77975
25394,TIM,PA,-1.322694,-47.678417
25395,TIM,PA,-1.1976111111111,-47.377916666667
25396,TIM,PA,-0.907822,-47.242728
25399,TIM,PA,-2.417806,-48.152472
25699,TIM,PA,-6.7475,-51.08194
25700,TIM,PA,-6.75333,-51.15444
25717,Vivo,PA,-2.0002777777778,-54.073055555556
26026,TIM,PA,-1.437472,-48.457889
26162,TIM,PA,-2.154167,-56.091389
26163,TIM,PA,-1.458436,-48.504822
26362,TIM,PA,-1.4575,-48.457222
26363,TIM,PA,-1.466667,-48.480556
26558,Vivo,PA,-1.45,-48.48556
26559,TIM,PA,-1.45885,-48.4853
26563,Vivo,PA,-1.4541666666667,-48.485555555556
26565,TIM,PA,-1.2783333333333,-47.923888888889
26630,Vivo,PA,-2.15944,-56.08833
26631,Vivo,PA,-1.89583,-49.38556
26632,Vivo,PA,-1.41925,-48.443944444444
26649,Vivo,PA,-2.8306388888889,-47.91675
26981,Vivo,PA,-1.80833,-49.7925
27057,Vivo,PA,-1.4625555555556,-48.50225
27164,TIM,PA,-1.438611,-48.480472
27244,Vivo,PA,-2.4170555555556,-54.712027777778
27288,TIM,PA,-1.4483611111111,-48.470833333333
27421,Vivo,PA,-5.33556,-49.09861
27422,Vivo,PA,-8.0413055555556,-50.041888888889
27423,Vivo,PA,-2.4479166666667,-54.752638888889
27443,TIM,PA,-1.4500277777778,-48.485638888889
27447,TIM,PA,-1.4589027777778,-48.495713888889
27457,TIM,PA,-6.06444,-49.9075
27458,TIM,PA,-6.6433055555556,-51.991555555556
27461,TIM,PA,-1.442528,-48.486139
27774,TIM,PA,-1.3911944444444,-48.421027777778
27801,Vivo,PA,-5.3834444444444,-49.135416666667
27820,TIM,PA,-6.815278,-50.491417
27979,Vivo,PA,-1.4069722222222,-48.445444444444
27981,Vivo,PA,-1.3632777777778,-48.266722222222
27982,Vivo,PA,-1.4548888888889,-48.449444444444
27983,Vivo,PA,-1.3133888888889,-48.458694444444
28165,TIM,PA,-1.361278,-48.402
28167,TIM,PA,-1.428611,-48.463889
28171,TIM,PA,-1.452111,-48.50175
28174,TIM,PA,-1.3049444444444,-47.938305555556
28178,TIM,PA,-5.34389,-49.08139
28194,TIM,PA,-1.371667,-48.329722
28195,TIM,PA,-2.4193888888889,-48.242722222222
28197,TIM,PA,-3.763972,-49.682167
28389,Vivo,PA,-1.3675,-48.402166666667
28392,Vivo,PA,-1.3711083333333,-48.4194
28395,Vivo,PA,-2.4440277777778,-54.704666666667
28396,Vivo,PA,-5.34889,-49.10861
28397,Vivo,PA,-1.4330555555556,-48.470277777778
28442,Vivo,PA,-1.4455555555556,-48.426388888889
28444,Vivo,PA,-1.1641666666667,-48.470833333333
28446,Vivo,PA,-1.3645305555556,-48.4689
28447,Vivo,PA,-2.47603,-54.6845
28469,TIM,PA,-1.433056,-48.470278
28470,TIM,PA,-1.4545472222222,-48.485933333333
28561,TIM,PA,-1.364611,-48.309722
28562,TIM,PA,-6.08556,-49.88833
28564,TIM,PA,-2.9916111111111,-47.376111111111
28588,TIM,PA,-1.4552777777778,-48.4625
28590,TIM,PA,-1.4937833333333,-48.708452777778
28643,Vivo,PA,-2.4316694444444,-54.7328
28648,Vivo,PA,-1.33695,-48.384738888889
28730,TIM,PA,-7.3131111111111,-50.048
28748,Vivo,PA,-1.45444,-48.47306
28781,Vivo,PA,-1.45861,-48.49361
29104,TIM,PA,-1.429889,-48.488417
29105,TIM,PA,-8.0358333333333,-50.019444444444
29122,TIM,PA,-1.7261111111111,-48.874166666667
29155,TIM,PA,-2.43917,-54.71806
29156,TIM,PA,-7.033389,-55.416667
29316,TIM,PA,-1.464444,-48.490222
29524,TIM,PA,-1.52775,-48.677556
29526,TIM,PA,-1.4581583333333,-48.478433333333
29531,TIM,PA,-1.448056,-48.4875
29548,Claro,PA,-1.4625,-48.50077
29549,Claro,PA,-1.3507,-48.41943
29550,Claro,PA,-1.4003388888889,-48.49065
29551,Claro,PA,-1.46312,-48.47894
29553,Claro,PA,-1.37194,-48.4792
29556,Claro,PA,-1.33022,-48.47576
29558,Claro,PA,-1.396383,-48.434581
29559,Claro,PA,-1.42683,-48.45574
29568,Claro,PA,-1.27745,-48.47397
29573,Claro,PA,-1.45019,-48.48836
29577,Claro,PA,-1.44044,-48.4854
29580,Claro,PA,-1.37167,-48.3297
29581,Claro,PA,-1.40369,-48.432
29585,Claro,PA,-1.45433,-48.48589
29586,Claro,PA,-1.45919,-48.49633
29588,Claro,PA,-1.43172,-48.44692
29589,Claro,PA,-1.38005,-48.42637
29591,Claro,PA,-1.46667,-48.4681
29592,Claro,PA,-1.36696,-48.42792
29628,Claro,PA,-1.38494,-48.40733
29751,Claro,PA,-1.365833,-48.375556
29752,Claro,PA,-1.3691666666667,1901.01694444
29753,Claro,PA,-1.36517,-48.41165
29755,Claro,PA,-1.39124,-48.42112
29756,Claro,PA,-1.39944,-48.42278
29757,Claro,PA,-1.46651,-48.49726
29758,Claro,PA,-1.45722,-48.50472
29759,Claro,PA,-1.46556,-48.48667
29761,Claro,PA,-1.46143,-48.47064
29762,Claro,PA,-1.44639,-48.49444
29763,Claro,PA,-1.44694,-48.47781
29764,Claro,PA,-1.45242,-48.46722
29765,Claro,PA,-1.435,-48.47333
29767,Claro,PA,-1.43,-48.48306
29768,Claro,PA,-1.43944,-48.465558333333
29770,Claro,PA,-1.437778,-48.457778
29771,Claro,PA,-1.4280194444444,-48.461619444444
29772,Claro,PA,-1.42306,-48.46832
29780,Claro,PA,-1.419162,-48.477336
29781,Claro,PA,-1.413056,-48.468056
29782,Claro,PA,-1.4179888888889,-48.44876
29783,Claro,PA,-1.4086,-48.44083
29785,Claro,PA,-1.40785,-48.42759
29786,Claro,PA,-1.39944,-48.4744
29787,Claro,PA,-1.384603,-48.458991
29788,Claro,PA,-1.37885,-48.43845
29789,Claro,PA,-1.361944,-48.446111
29790,Claro,PA,-1.3475,-48.4577777777778
29791,Claro,PA,-1.33388888888889,-48.4483333333333
29792,Claro,PA,-1.312222,-48.450833
29793,Claro,PA,-1.30181,-48.48661
29794,Claro,PA,-1.2916472222222,-48.452897222222
29795,Claro,PA,-1.30027,-48.46583
29796,Claro,PA,-1.25988,-48.46579
29797,Claro,PA,-1.1618,-48.46738
29798,Claro,PA,-1.14277,-48.45972
29799,Claro,PA,-1.12111,-48.42833
29800,Claro,PA,-1.45444,-48.47306
29801,Claro,PA,-1.43797,-48.4918
29802,Claro,PA,-1.43694,-48.48778
29805,Claro,PA,-1.4483,-48.46168
29806,Claro,PA,-1.46082,-48.48531
29808,Claro,PA,-1.4425,-48.47306
29809,Claro,PA,-1.45222,-48.4964
29810,Claro,PA,-1.4425,-48.48806
29811,Claro,PA,-1.44647,-48.4716
29812,Claro,PA,-0.59953888888889,-47.311408333333
29813,Claro,PA,-0.62222,-47.34556
29824,Claro,PA,-1.38772,-48.38191
29825,Claro,PA,-1.34136,-48.35677
29826,Claro,PA,-1.33722,-48.38472
29827,Claro,PA,-1.36128,-48.402
29828,Claro,PA,-1.35184,-48.4022
29829,Claro,PA,-1.51706,-48.69362
29838,Claro,PA,-1.35083,-48.38805
29839,Claro,PA,-1.31032,-48.47438
29840,Claro,PA,-1.36091,-48.3114
29843,Claro,PA,-1.47194,-48.47813
29844,Claro,PA,-1.46459,-48.44895
29845,Claro,PA,-1.41694,-48.4925
29846,Claro,PA,-1.40023,-48.45403
29847,Claro,PA,-1.39555,-48.39444
29848,Claro,PA,-1.29593,-48.05212
29849,Claro,PA,-2.4392694444444,-54.718319444444
29851,Claro,PA,-2.4478055555556,-54.752638888889
29852,Claro,PA,-2.4178111111111,-48.1525
29853,Claro,PA,-1.405,-48.4825
29854,Claro,PA,-1.35176,-48.476917
29856,Claro,PA,-1.351389,-48.433611
29858,Claro,PA,-1.32599,-48.43853
29859,Claro,PA,-1.07008,-48.39219
29860,Claro,PA,-1.06597,-48.33766
29861,Claro,PA,-1.42386,-48.48739
29871,Claro,PA,-1.29445,-47.9239
29873,Claro,PA,-1.295,-47.9469444444444
29895,Claro,PA,-1.36625,-48.45757
29896,Claro,PA,-1.100556,-48.400833
29917,Claro,PA,-1.30556,-48.00056
29952,Claro,PA,-2.94667,-47.44417
29973,Claro,PA,-6.74532,-51.08236
29987,Claro,PA,-8.0415388888889,-50.041697222222
29990,Claro,PA,-2.41,-48.2569
29999,Claro,PA,-1.46977,-48.4937
30001,Claro,PA,-1.361111,-48.472222
30005,Claro,PA,-1.30583,-47.93889
30207,Claro,PA,-2.2272777777778,-49.48824
30213,Claro,PA,-1.4525,-48.5
30214,Claro,PA,-1.45809,-48.4571
30215,Claro,PA,-1.44888888888889,-48.4491666666667
30216,Claro,PA,-2.98472,-47.45167
30217,Claro,PA,-6.06466,-49.90789
30218,Claro,PA,-1.27865,-47.92291
30219,Claro,PA,-1.293689,-47.892189
30226,Claro,PA,-8.26206,-49.2649
30241,Vivo,PA,-1.3302777777778,-48.475555555556
30242,Vivo,PA,-1.3911111111111,-48.421111111111
30244,Vivo,PA,-1.3969722222222,-48.386447222222
30245,Vivo,PA,-1.3429111111111,-48.363805555556
30246,Vivo,PA,-1.4268888888889,-48.455916666667
30248,Vivo,PA,-1.38444,-48.45917
30249,Vivo,PA,-1.2910555555556,-48.457472222222
30259,Vivo,PA,-1.56389,-48.76111
30260,Vivo,PA,-8.0238472222222,-50.032077777778
30261,Vivo,PA,-3.77806,-49.67667
30263,Vivo,PA,-1.615,-47.48056
30265,Vivo,PA,-5.04806,-48.60278
30267,Vivo,PA,-1.19667,-47.3775
30273,Vivo,PA,-2.4824444444444,-48.331777777778
30274,Vivo,PA,-1.77194,-47.44028
30409,Claro,PA,-1.4453,-48.42632
30413,Claro,PA,-1.39041,-48.48102
30458,Claro,PA,-5.3386388888889,-49.091519444444
30476,Claro,PA,-1.36278,-48.24167
30642,Claro,PA,-1.30389,-47.77806
30806,TIM,PA,-1.350472,-48.449194
30823,Claro,PA,-1.56586,-48.7666
30824,Claro,PA,-1.36005,-48.2606
30826,Claro,PA,-1.30197,-48.30932
30832,Claro,PA,-1.29056,-48.1503
30834,Claro,PA,-1.35187,-48.3358
30839,Claro,PA,-1.35005,-47.57426
30849,Claro,PA,-5.34881,-49.13239
30853,Vivo,PA,-1.3803888888889,-48.362555555556
30855,Vivo,PA,-2.9441944444444,-48.955861111111
30857,Vivo,PA,-3.2109166666667,-52.217666666667
30858,Vivo,PA,-7.1041388888889,-49.946222222222
30860,Claro,PA,-1.05025,-46.77141
30928,Vivo,PA,-3.8405833333333,-50.639388888889
31004,TIM,PA,-1.772028,-47.44038
31094,Claro,PA,-6.095974,-49.599357
31095,Claro,PA,-4.28719,-47.55494
31096,Claro,PA,-1.12736,-47.62559
31097,Claro,PA,-1.748056,-47.06
31098,Claro,PA,-4.4483333333333,-49.113333333333
31101,Claro,PA,-2.04694,-47.55306
31104,Claro,PA,-4.7811111111111,-48.071097222222
31105,Claro,PA,-5.53805,-48.73398
31106,Claro,PA,-6.3944444444444,-48.563611111111
31118,Claro,PA,-0.725,-48.51889
31121,Claro,PA,-1.61889,-47.48361
31122,Claro,PA,-3.76547,-49.66999
31123,Claro,PA,-3.76392,-49.68269
31124,Claro,PA,-1.20472,-46.13778
31127,Claro,PA,-5.3499055555556,-49.085086111111
31130,Claro,PA,-5.4177388888889,-49.091311111111
31234,Claro,PA,-1.72442,-48.88704
31235,Claro,PA,-1.950786,-54.741436
31236,Claro,PA,-1.51083,-48.61306
31237,Claro,PA,-1.49472,-48.708058333333
31239,Claro,PA,-1.06361,-46.7667
31242,Claro,PA,-5.1352194444444,-49.3325
31243,Claro,PA,-0.63388,-47.65305
31244,Claro,PA,-1.2075,-47.38917
31245,Claro,PA,-1.904,-55.519333
31272,Claro,PA,-3.721108,-53.733881
31273,Claro,PA,-0.849653,-48.139529
31275,Claro,PA,-5.2127777777778,-49.043333333333
31276,Claro,PA,-5.3826,-49.135472222222
31280,Claro,PA,-3.00086,-47.35831
31365,Vivo,PA,-1.333425,-48.411891666667
31373,Vivo,PA,-1.1211555555556,-48.429394444444
31380,Vivo,PA,-1.4425,-48.47306
31415,Vivo,PA,-1.45222,-48.49639
31456,Vivo,PA,-1.3644444444444,-48.309722222222
31459,Vivo,PA,-1.5217333333333,-48.702905555556
31460,TIM,PA,-2.5553111111111,-54.721969444444
31486,Vivo,PA,-0.71083,-47.69611
31498,Vivo,PA,-1.30444,-48.04278
31511,TIM,PA,-6.11525,-50.2888
31514,TIM,PA,-6.0332388888889,-50.5812
31516,Vivo,PA,-0.86997,-52.60472
31520,TIM,PA,-1.4708305555556,-56.3792
31522,Vivo,PA,-5.37258,-49.12937
31523,Vivo,PA,-6.08389,-49.90583
31555,Claro,PA,-3.19444,-52.22028
31558,Claro,PA,-0.7361,-47.85273
31562,Claro,PA,-6.10608,-49.35272
31566,Claro,PA,-4.26659,-55.99254
31567,Claro,PA,-2.00111,-54.0725
31586,TIM,PA,-8.2650555555556,-49.265333333333
31589,TIM,PA,-0.86694444444444,-52.541111111111
31592,TIM,PA,-0.92138888888889,-52.441388888889
31601,Claro,PA,-0.90667,-47.24056
31602,Claro,PA,-1.15215,-48.13093
31603,Claro,PA,-6.08611,-49.8875
31687,Claro,PA,-6.06614,-49.8951
31701,Claro,PA,-3.8488888888889,-49.096941666667
31702,Claro,PA,-1.89211,-48.7637
31703,Claro,PA,-7.0375,-55.4166666666667
31704,Claro,PA,-8.05505,-50.0414
31707,Claro,PA,-7.31541,-50.04529
31709,Claro,PA,-2.93,-48.94917
31710,Claro,PA,-3.74722,-47.4969
31711,Claro,PA,-7.08968,-49.93632
31763,Claro,PA,-4.24696,-56.0273
31764,Claro,PA,-0.76917,-47.17333
31768,Claro,PA,-1.527528,-52.582194
31769,Claro,PA,-1.52369,-52.57208
31770,Claro,PA,-2.4327777777778,-54.73194
31814,TIM,PA,-1.286667,-47.929167
31840,Claro,PA,-6.74529,-51.15646
31842,Claro,PA,-1.98131,-48.96489
31844,Claro,PA,-1.19611,-47.18305
32101,Claro,PA,-1.4039194444444,-48.4308
32102,Claro,PA,-1.4580388888889,-48.495
32329,TIM,PA,-3.78028,-49.675417
32444,Claro,PA,-2.4434694444444,-54.7048
32451,Claro,PA,-2.24582,-49.500319444444
32452,Claro,PA,-2.5822611111111,-49.502030555556
32454,Claro,PA,-2.465,-48.74472
32457,Claro,PA,-0.63743,-47.33325
32536,Claro,PA,-2.42111111,-54.71694444
32723,TIM,PA,-1.049083,-46.770361
32737,TIM,PA,-1.3814888888889,-48.4326
32739,TIM,PA,-1.4487138888889,-48.478155555556
32740,TIM,PA,-2.51175,-56.176777777778
32770,TIM,PA,-1.3590555555556,-48.341611111111
32773,TIM,PA,-1.4000555555556,-48.440111111111
32775,TIM,PA,-1.4587777777778,-48.471805555556
32776,TIM,PA,-1.447778,-48.495278
32778,TIM,PA,-1.3588194444444,-48.371938888889
32779,TIM,PA,-2.1331611111111,-47.558427777778
32780,TIM,PA,-1.4641916666667,-48.484755555556
32988,Vivo,PA,-3.4680555555556,-51.204138888889
32989,Vivo,PA,-1.8026388888889,-50.714027777778
32990,Vivo,PA,-1.5312222222222,-49.223277777778
32991,Vivo,PA,-6.4419472222222,-48.860016666667
32992,Vivo,PA,-4.10117,-54.90936
32993,Vivo,PA,-8.8709722222222,-49.71775
32996,Vivo,PA,-0.15519444444444,-50.390916666667
32997,Vivo,PA,-6.22175,-57.764333333333
33001,TIM,PA,-1.445556,-48.426444
33360,TIM,PA,-1.363028,-48.407386
33724,TIM,PA,-1.3737111111111,-48.409822222222
33726,TIM,PA,-1.3687111111111,-48.383269444444
33757,Claro,PA,-1.7561111111111,-46.543608333333
33758,Claro,PA,-1.4297,-47.9105
33759,Claro,PA,-2.2722194444444,-46.971
33761,Claro,PA,-1.03946,-47.9085
33763,Claro,PA,-1.0779305555556,-46.9025
33776,TIM,PA,-6.055681,-49.893167
33814,Claro,PA,-2.4252777777778,-54.787497222222
33841,Claro,PA,-5.04759,-48.60001
33862,Claro,PA,-1.32288,-48.45
33864,Claro,PA,-1.47461,-48.46124
33914,TIM,PA,-5.3603333333333,-48.791727777778
33982,Vivo,PA,-2.9962416666667,-47.356266666667
34028,TIM,PA,-1.3626388888889,-47.307277777778
34029,TIM,PA,-1.4085,-51.646083333333
34035,TIM,PA,-0.79672222222222,-47.601138888889
34041,TIM,PA,-7.559,-49.703675
34140,Vivo,PA,-9.3383055555556,-54.962555555556
34182,Claro,PA,-5.3491666666667,-49.108055555556
34184,Vivo,PA,-1.4452777777778,-48.48222
34189,Vivo,PA,-1.27997,-47.92955
34190,Vivo,PA,-2.4229444444444,-54.728111111111
34196,Vivo,PA,-1.46139,-48.47056
34197,Vivo,PA,-1.36306,-48.43889
34403,Vivo,PA,-1.40222,-48.43
34421,Vivo,PA,-0.615,-47.35833
34422,Vivo,PA,-1.47194,-48.47806
34424,Vivo,PA,-2.4292055555556,-54.701886111111
34430,Vivo,PA,-3.1921111111111,-52.204888888889
34431,Vivo,PA,-5.3439444444444,-49.097055555556
34432,Vivo,PA,-5.3578055555556,-49.080944444444
34433,Vivo,PA,-5.39194,-49.14361
34434,Vivo,PA,-6.04694,-49.89444
34435,Vivo,PA,-6.08556,-49.88833
34436,Vivo,PA,-8.0328611111111,-50.030166666667
34437,Vivo,PA,-2.4278138888889,-54.712047222222
34438,Vivo,PA,-2.4578333333333,-54.7175
34468,Vivo,PA,-7.8298333333333,-50.045194444444
34519,Claro,PA,-1.3895388888889,-48.869147222222
34520,Claro,PA,-1.80284,-53.4788
34521,Claro,PA,-1.9301305555556,-47.050597222222
34522,Claro,PA,-1.01164,-48.9609
34528,Claro,PA,-0.89507,-47.0074
34529,Claro,PA,-1.19204,-47.3202
34655,Claro,PA,-0.71305,-47.69305
34862,Vivo,PA,-1.4133333333333,-48.4775
34863,Vivo,PA,-1.4464166666667,-48.45825
34866,Vivo,PA,-1.46278,-48.48583
34867,Vivo,PA,-1.45167,-48.48056
34868,Vivo,PA,-1.44389,-48.48778
34869,Vivo,PA,-1.39975,-48.474522222222
34870,Vivo,PA,-1.4680555555556,-48.454722222222
34871,Vivo,PA,-1.3508611111111,-48.388222222222
34872,Vivo,PA,-2.24556,-49.50028
34889,Vivo,PA,-3.83472,-49.67611
34971,Claro,PA,-6.057781,-49.885269
34978,Claro,PA,-3.8333333333333,-49.686458333333
35094,Vivo,PA,-6.4277777777778,-49.421388888889
35167,TIM,PA,-1.1980833333333,-47.171555555556
35168,TIM,PA,-1.2998888888889,-47.914305555556
35213,Claro,PA,-1.45,-48.48806
35305,Claro,PA,-2.981989,-47.348527
35412,Vivo,PA,-2.6375,-54.93667
35434,Vivo,PA,-4.45278,-49.11278
35435,Vivo,PA,-6.74778,-51.087777777778
35436,Vivo,PA,-6.5346388888889,-49.852388888889
35657,Vivo,PA,-2.47186,-54.72547
35658,Vivo,PA,-2.4497222222222,-54.728
35704,Vivo,PA,-1.4461694444444,-48.48945
35728,Claro,PA,-1.75447,-52.23283
35762,Vivo,PA,-1.3016111111111,-48.310166666667
35786,Vivo,PA,-8.25667,-49.26333
35787,Vivo,PA,-6.1038611111111,-49.374777777778
35788,Vivo,PA,-5.29472,-49.07417
35790,Vivo,PA,-1.93833,-54.73222
35850,Vivo,PA,-3.2158888888889,-52.238277777778
35906,Claro,PA,-1.44611,-48.489166666667
35917,Vivo,PA,-7.3481666666667,-50.410555555556
35918,Vivo,PA,-5.7015722222222,-48.404677777778
35919,Vivo,PA,-7.8101666666667,-50.765361111111
35920,Vivo,PA,-5.74444,-48.31611
35921,Vivo,PA,-4.7036111111111,-55.996805555556
35925,Vivo,PA,-6.0825,-49.78889
35960,Vivo,PA,-6.7551388888889,-51.139722222222
36062,Claro,PA,-2.51056,-54.95361
36064,Claro,PA,-1.46223,-48.4919
36066,Claro,PA,-1.39698,-48.87033
36068,Claro,PA,-1.43395,-48.46507
36069,Claro,PA,-2.4305555555556,-54.705277777778
36070,Claro,PA,-1.45187,-48.48085
36071,Claro,PA,-5.32944,-49.095555555556
36127,TIM,PA,-0.985028,-49.938889
36132,TIM,PA,-3.60611,-55.32944
36157,TIM,PA,-0.168676,-49.982015
36199,TIM,PA,-1.453917,-48.469194
36443,TIM,PA,-3.869528,-54.214917
36446,TIM,PA,-0.66676388888889,-49.173486111111
36459,TIM,PA,-2.63722,-54.93667
36495,Claro,PA,-1.34215,-48.467997222222
36535,Claro,PA,-1.37167,-48.40556
36646,Claro,PA,-1.367015,-48.352374
36647,Claro,PA,-1.33194,-48.41667
36648,Claro,PA,-1.44574,-48.48381
36650,Claro,PA,-1.34649,-48.3672
36651,Claro,PA,-1.45682,-48.49099
36665,Vivo,PA,-6.7507777777778,-51.174944444444
36687,Claro,PA,-5.35728,-49.082619444444
36689,Claro,PA,-1.4584,-48.4778
36695,Claro,PA,-1.380858,-48.362244
36707,Claro,PA,-1.37472,-48.45222
36737,Claro,PA,-1.34139,-48.39639
36874,TIM,PA,-1.438778,-48.468972
36875,TIM,PA,-1.443694,-48.459139
36876,TIM,PA,-1.433167,-48.455889
36910,Claro,PA,-1.421239,-48.464244
36911,Claro,PA,-1.3063,-48.481433
36912,Claro,PA,-1.303833,-48.470669
36925,Claro,PA,-1.438613,-48.48048
36926,Claro,PA,-1.42928,-48.47512
36927,Claro,PA,-5.3916777777778,-49.133766666667
36974,Vivo,PA,-1.44001,-48.46709
36977,Vivo,PA,-2.69056,-54.64222
36978,Vivo,PA,-6.0775277777778,-49.892527777778
36994,Claro,PA,-1.445817,-48.455928
36995,Claro,PA,-1.36196,-48.43496
36998,Claro,PA,-1.37439,-48.41675
36999,Claro,PA,-1.35728,-48.39383
37026,Vivo,PA,-1.3475,-48.45778
37055,Vivo,PA,-4.43889,-47.53528
37056,Vivo,PA,-2.45742,-54.70033
37057,Vivo,PA,-2.4259722222222,-54.740111111111
37058,Vivo,PA,-5.35,-49.09472
37059,Vivo,PA,-5.3316944444444,-49.108611111111
37060,Vivo,PA,-6.09278,-49.88833
37061,Vivo,PA,-8.0262305555556,-50.016630555556
37062,Vivo,PA,-7.09611,-49.93611
37079,Claro,PA,-5.3719583333333,-49.127869444444
37080,Vivo,PA,-1.89528,-55.5225
37126,Claro,PA,-1.417258,-48.472595
37154,Vivo,PA,-2.4233333333333,-54.70925
37155,Vivo,PA,-6.0655111111111,-49.909608333333
37156,Vivo,PA,-5.3255083333333,-49.098977777778
37159,Vivo,PA,-2.43528,-54.70361
37161,Vivo,PA,-1.89194,-48.76361
37163,Vivo,PA,-3.7839694444444,-49.570338888889
37164,Vivo,PA,-1.295,-47.94694
37166,Vivo,PA,-2.93,-48.94917
37169,Vivo,PA,-8.0324111111111,-50.045088888889
37170,Vivo,PA,-3.8333305555556,-49.100833333333
37171,Vivo,PA,-8.04325,-50.006277777778
37357,TIM,PA,-6.0811111111111,-49.908333333333
37358,TIM,PA,-6.073097,-49.904014
37359,TIM,PA,-6.6333888888889,-51.966722222222
37526,TIM,PA,-6.4602,-50.074419444444
37528,TIM,PA,-5.8021388888889,-50.514805555556
37529,TIM,PA,-5.21035,-49.044519444444
37530,TIM,PA,-5.925,-50.281611111111
37531,TIM,PA,-8.0313888888889,-50.0325
37532,TIM,PA,-9.3361666666667,-50.340666666667
37538,TIM,PA,-3.7658333333333,-49.673055555556
37539,TIM,PA,-3.8340277777778,-49.686555555556
37540,TIM,PA,-3.8349166666667,-49.676111111111
37619,Claro,PA,-1.4046,-48.44722
37643,TIM,PA,-1.2739166666667,-47.909472222222
37725,Vivo,PA,-6.05722,-49.88472
37731,Vivo,PA,-3.1861388888889,-52.213083333333
37732,Vivo,PA,-2.16222,-56.09722
37733,Vivo,PA,-1.99111,-54.08139
37734,Vivo,PA,-8.05056,-50.04361
37736,Vivo,PA,-3.75139,-49.66944
37737,Vivo,PA,-4.7788888888889,-48.07425
37738,Vivo,PA,-4.25583,-49.95722
37781,TIM,PA,-4.269528,-55.981917
37816,Vivo,PA,-2.68472,-55.17083
37818,Vivo,PA,-5.3893722222222,-49.12865
37834,Vivo,PA,-2.42778,-54.72
37838,TIM,PA,-1.358889,-48.453611
37841,TIM,PA,-1.71389,-48.88056
37849,Claro,PA,-1.9372277777778,-47.045686111111
37850,TIM,PA,-1.435389,-48.458667
37851,TIM,PA,-3.204722,-52.213333
37853,TIM,PA,-1.474861,-48.469833
37854,TIM,PA,-1.33806,-48.24472
37855,TIM,PA,-1.03722,-46.7725
37912,TIM,PA,-1.314167,-48.462806
37922,TIM,PA,-3.0153055555556,-47.353611111111
37923,TIM,PA,-4.28694,-47.55472
37924,TIM,PA,-2.4211111111111,-54.726388888889
37925,TIM,PA,-2.416972,-54.711694
37926,TIM,PA,-5.35,-49.08333
37978,Claro,PA,-2.267222,-46.973056
37979,Claro,PA,-1.7939055555556,-53.480186111111
37982,TIM,PA,-1.3741388888889,-48.363277777778
37986,TIM,PA,-1.338333,-48.420556
37988,Claro,PA,-1.440069,-48.448189
37991,TIM,PA,-1.42375,-48.477
37992,TIM,PA,-1.28333,-48.32139
37993,TIM,PA,-1.1848222222222,-47.180925
37994,TIM,PA,-1.1986388888889,-47.183888888889
38001,TIM,PA,-1.3572416666667,-48.393588888889
38002,TIM,PA,-1.7541777777778,-47.068891666667
38003,TIM,PA,-1.2846944444444,-47.913972222222
38004,TIM,PA,-6.75333,-51.06861
38005,TIM,PA,-4.253064,-55.989722
38006,TIM,PA,-6.04611,-49.88639
38007,TIM,PA,-4.27575,-56.0025
38008,TIM,PA,-1.9437138888889,-50.810947222222
38009,TIM,PA,-2.57667,-49.50781
38010,TIM,PA,-5.3287722222222,-49.096238888889
38011,TIM,PA,-5.36556,-49.11472
38012,TIM,PA,-1.3808611111111,-48.317527777778
38013,TIM,PA,-0.647778,-47.321944
38014,TIM,PA,-1.774167,-55.856389
38015,TIM,PA,-0.623639,-47.360833
38016,TIM,PA,-1.60556,-47.48253
38018,TIM,PA,-2.25306,-54.42111
38019,TIM,PA,-2.4483,-54.741430555556
38112,Vivo,PA,-0.85917,-52.54194
38116,Vivo,PA,-1.3800083333333,-48.438047222222
38137,Claro,PA,-1.01682,-48.96458
38146,TIM,PA,-1.337944,-48.28675
38147,TIM,PA,-1.1269444444444,-47.625277777778
38149,TIM,PA,-1.128389,-48.4465
38153,Vivo,PA,-1.4580416666667,-48.494983333333
38155,Vivo,PA,-1.7150555555556,-49.532444444444
38156,Vivo,PA,-5.3353055555556,-49.084777777778
38167,Vivo,PA,-4.24611,-55.99028
38168,Vivo,PA,-7.0972777777778,-49.955286111111
38243,TIM,PA,-1.468889,-48.500833
38268,TIM,PA,-1.4731361111111,-48.4847
38310,TIM,PA,-1.2075277777778,-47.389194444444
38315,TIM,PA,-1.466111,-48.458333
38316,TIM,PA,-1.368056,-48.354444
38317,TIM,PA,-6.0881805555556,-49.870944444444
38323,TIM,PA,-1.2956388888889,-47.935388888889
38324,TIM,PA,-1.1074444444444,-48.417647222222
38326,TIM,PA,-2.4525,-54.71278
38330,TIM,PA,-1.2041944444444,-46.139722222222
38332,TIM,PA,-1.3751944444444,-48.339027777778
38336,TIM,PA,-1.0588055555556,-46.775138888889
38337,TIM,PA,-2.14194,-49.29389
38339,TIM,PA,-6.075278,-49.896944
38344,TIM,PA,-3.755361,-49.66925
38346,TIM,PA,-1.442194,-48.447722
38347,TIM,PA,-1.380861,-48.369528
38349,TIM,PA,-1.4527777777778,-48.492777777778
38441,Vivo,PA,-3.2079277777778,-52.228427777778
38460,Vivo,PA,-8.2855833333333,-49.274305555556
38522,Vivo,PA,-2.13586,-47.55686
38523,Vivo,PA,-2.57333,-47.49667
38658,Vivo,PA,-3.20667,-52.20944
38659,Vivo,PA,-2.41972,-54.71806
38776,Claro,PA,-1.0816694444444,-46.908438888889
38937,Vivo,PA,-5.37167,-49.11917
38940,Vivo,PA,-2.4191666666667,-48.2425
38943,Vivo,PA,-1.7212916666667,-48.888175
38948,Vivo,PA,-1.52833,-48.68056
38951,Vivo,PA,-2.4486111111111,-54.741388888889
38952,Vivo,PA,-3.24667,-47.73722
38955,Vivo,PA,-0.94472,-47.12472
38956,Vivo,PA,-1.49528,-52.60333
38959,TIM,PA,-1.357694,-48.410694
38960,TIM,PA,-1.4020222222222,-48.462619444444
38961,TIM,PA,-1.371139,-48.442333
38962,TIM,PA,-1.5765444444444,-48.735472222222
38963,TIM,PA,-1.522325,-48.703711111111
38964,TIM,PA,-1.3535277777778,-47.5785
38972,TIM,PA,-6.07639,-49.85361
38973,TIM,PA,-6.069014,-49.902611
39110,TIM,PA,-1.3455,-48.396416666667
39114,TIM,PA,-1.355175,-48.364916666667
39273,TIM,PA,-1.446167,-48.489167
39276,TIM,PA,-2.9841388888889,-47.350416666667
39280,TIM,PA,-1.9995472222222,-54.069575
39287,TIM,PA,-1.4746388888889,-48.461194444444
39288,TIM,PA,-1.458333,-48.501944
39290,TIM,PA,-1.6774722222222,-50.474972222222
39294,TIM,PA,-1.468222,-48.454944
39298,TIM,PA,-9.3358333333333,-50.340555555556
39302,TIM,PA,-1.3676,-48.402322222222
39304,TIM,PA,-1.298167,-47.980722
39306,TIM,PA,-2.1627777777778,-56.093888888889
39310,TIM,PA,-5.3475277777778,-49.106138888889
39312,TIM,PA,-5.3751472222222,-49.129683333333
39313,TIM,PA,-6.5325277777778,-49.848055555556
39315,TIM,PA,-0.757528,-48.518889
39316,TIM,PA,-1.2989166666667,-48.1725
39317,TIM,PA,-8.2733555555556,-49.278072222222
39318,TIM,PA,-5.5419444444444,-48.731111111111
39319,TIM,PA,-4.10171,-54.907837
39324,TIM,PA,-5.35722,-49.0825
39326,TIM,PA,-1.342872,-48.363853
39327,TIM,PA,-1.335833,-48.401111
39331,TIM,PA,-1.454722,-48.449167
39333,TIM,PA,-1.348611,-48.468333
39334,TIM,PA,-1.3278055555556,-48.465027777778
39335,TIM,PA,-1.520556,-48.649167
39336,TIM,PA,-1.303083,-48.45725
39337,TIM,PA,-1.323889,-48.450278
39338,TIM,PA,-2.5563888888889,-47.496972222222
39340,TIM,PA,-1.153056,-48.468889
39342,TIM,PA,-1.3333333333333,-48.411891666667
39343,TIM,PA,-1.441361,-48.475847
39349,TIM,PA,-1.0639166666667,-46.766972222222
39353,TIM,PA,-1.731,-48.882083333333
39365,TIM,PA,-2.6398277777778,-54.937913888889
39366,TIM,PA,-1.954257,-54.739812
39367,TIM,PA,-1.0245,-46.639880555556
39389,TIM,PA,-1.3569444444444,-48.335055555556
39390,TIM,PA,-6.0624166666667,-49.889361111111
39391,TIM,PA,-1.28194,-47.94972
39392,TIM,PA,-1.3033333333333,-48.0575
39492,TIM,PA,-1.5294166666667,-52.577327777778
39493,TIM,PA,-1.388028,-48.430444
39494,TIM,PA,-1.372778,-48.418083
39495,TIM,PA,-1.3973222222222,-48.409266666667
39496,TIM,PA,-1.355306,-48.4425
39522,TIM,PA,-1.4275722222222,-48.451836111111
39523,TIM,PA,-2.2535472222222,-49.508633333333
39529,TIM,PA,-6.0406666666667,-49.894666666667
39736,Claro,PA,-6.11472,-50.00139
39803,TIM,PA,-9.336167,-50.340667
39805,TIM,PA,-3.772222,-49.673889
39810,TIM,PA,-1.3389166666667,-48.435930555556
39811,TIM,PA,-1.0976805555556,-48.406119444444
39812,TIM,PA,-1.253639,-48.454722
39813,TIM,PA,-1.405806,-48.483194
39815,TIM,PA,-1.330361,-48.3735
39818,TIM,PA,-1.463667,-48.474417
40020,TIM,PA,-3.212528,-52.233528
40021,TIM,PA,-1.421333,-48.464194
40027,TIM,PA,-1.3564694444444,-48.42475
40038,Claro,PA,-6.64028,-51.97528
40040,Claro,PA,-6.6432805555556,-51.9916
40071,TIM,PA,-1.406944,-48.39475
40073,TIM,PA,-3.8416944444444,-49.103055555556
40111,Claro,PA,-1.69147,-50.48075
40116,TIM,PA,-13.96361,-48.434583
40291,TIM,PA,-1.382694,-48.417389
40333,TIM,PA,-1.442389,-48.452839
40432,Claro,PA,-6.0681944444444,-50.069052777778
40433,Claro,PA,-1.68094,-50.47778
40470,Vivo,PA,-3.76556,-49.67
40479,Vivo,PA,-1.365,-48.41139
40480,Vivo,PA,-1.4251694444444,-48.471461111111
40481,Vivo,PA,-1.43361,-48.48889
40490,Vivo,PA,-1.3106472222222,-48.474816666667
40491,Vivo,PA,-1.27,-48.43778
40494,Vivo,PA,-2.51166,-56.17666
40495,Vivo,PA,-5.1333305555556,-48.808888888889
40515,TIM,PA,-1.456139,-48.4975
40517,TIM,PA,-1.266525,-48.472467
40540,Vivo,PA,-1.3575833333333,-48.420194444444
40549,Vivo,PA,-1.45806,-48.46028
40585,TIM,PA,-5.3701,-49.051252777778
40586,TIM,PA,-0.86352777777778,-48.130888888889
40587,TIM,PA,-3.834472,-49.676111
40657,Vivo,PA,-1.7686944444444,-55.861833333333
40659,Vivo,PA,-1.33111,-48.43667
40660,Vivo,PA,-3.2181666666667,-52.224777777778
40661,Vivo,PA,-1.46917,-48.49639
40741,TIM,PA,-3.1923888888889,-52.205166666667
40831,Vivo,PA,-1.3595,-48.450555555556
40870,Claro,PA,-7.1016888888889,-49.950908333333
40887,Vivo,PA,-1.3775388888889,-48.392255555556
41033,Claro,PA,-0.74267,-48.02338
41063,Claro,PA,-6.51923,-49.85178
41064,Claro,PA,-0.15911,-50.38683
41115,Claro,PA,-2.1541694444444,-56.0914
41117,Claro,PA,-0.67049,-49.17306
41122,Claro,PA,-6.80692,-50.48295
41331,TIM,PA,-5.7837805555556,-50.510961111111
41332,TIM,PA,-6.047,-50.147722222222
41333,TIM,PA,-5.2887666666667,-49.076477777778
41377,Claro,PA,-2.56177,-47.49844
41388,Claro,PA,-1.97311,-48.95369
41523,Vivo,PA,-6.56333,-51.09583
41525,Vivo,PA,-6.5728694444444,-51.161311111111
41581,Claro,PA,-5.1389305555556,-49.332838888889
41583,Claro,PA,-3.2135166666667,-52.226044444444
41584,Claro,PA,-6.537575,-49.855202777778
41587,Claro,PA,-9.34191,-50.32819
41598,TIM,PA,-0.82769444444444,-46.605777777778
41608,TIM,PA,-1.338361,-48.457806
41621,TIM,PA,-1.7319444444444,-48.857222222222
41623,TIM,PA,-1.3955138888889,-48.470941666667
41626,TIM,PA,-1.372806,-48.459722
41673,Claro,PA,-4.2523888888889,-49.947083333333
41735,TIM,PA,-3.822583,-49.674639
41802,Claro,PA,-0.16847,-49.98194
41817,TIM,PA,-3.7873888888889,-49.578805555556
41820,TIM,PA,-0.638422,-47.334597
41982,Claro,PA,-0.86333,-48.13083
41992,TIM,PA,-6.0975,-49.88917
42030,Vivo,PA,-1.32028,-48.43444
42031,Vivo,PA,-1.3747222222222,-48.451944444444
42034,Vivo,PA,-1.47389,-48.48778
42043,Vivo,PA,-1.3967222222222,-48.408588888889
42174,TIM,PA,-1.407478,-48.453886
42193,TIM,PA,-6.0959555555556,-49.599808333333
42195,TIM,PA,-0.631417,-47.647028
42349,Claro,PA,-3.19683,-52.18798
42350,Claro,PA,-6.0607305555556,-50.052780555556
42446,TIM,PA,-1.309472,-48.484472
42453,Claro,PA,-1.7608,-52.234867
42472,Vivo,PA,-1.45333,-48.49194
42497,Vivo,PA,-6.0951666666667,-49.848055555556
42502,Vivo,PA,-1.43472,-48.47694
42503,Vivo,PA,-1.4320305555556,-48.444838888889
42508,Vivo,PA,-1.3595638888889,-48.445572222222
42509,Vivo,PA,-1.275,-48.47444
42519,Vivo,PA,-2.19471,-48.80057
42522,Vivo,PA,-1.44,-48.44806
42557,Vivo,PA,-1.36686,-48.24119
42558,Vivo,PA,-1.40136,-48.49125
42652,TIM,PA,-6.1056666666667,-49.347361111111
42653,TIM,PA,-3.774833,-49.663694
42655,TIM,PA,-6.0973777777778,-49.609936111111
42675,TIM,PA,-0.612361,-47.369333
42712,TIM,PA,-1.455361,-48.490167
42756,Claro,PA,-1.45,-48.48806
42815,Vivo,PA,-1.30167,-48.48667
42817,Vivo,PA,-1.4019444444444,-48.4625
42819,Vivo,PA,-1.45639,-48.488888888889
42902,TIM,PA,-1.72075,-48.867083333333
42915,Vivo,PA,-6.01886,-49.88839
42916,Vivo,PA,-3.72278,-53.74194
42917,Vivo,PA,-1.3843611111111,-48.450777777778
42918,Vivo,PA,-1.37972,-48.4275
42926,Vivo,PA,-1.4271111111111,-48.474
42927,Vivo,PA,-1.42944,-48.46556
43016,Vivo,PA,-1.9436111111111,-50.810555555556
43017,Vivo,PA,-1.35356,-48.46506
43231,TIM,PA,-3.2067444444444,-52.209475
43233,TIM,PA,-3.1270277777778,-51.813305555556
43235,TIM,PA,-3.2938611111111,-51.919361111111
43236,TIM,PA,-3.42194,-51.89139
43300,Claro,PA,-1.93211,-50.81922
43302,Claro,PA,-1.94875,-50.81153
43371,TIM,PA,-1.3785,-48.445528
43372,TIM,PA,-1.296139,-48.480139
43410,TIM,PA,-0.71102777777778,-47.696305555556
43596,Claro,PA,-1.77167,-47.44
43603,Claro,PA,-1.95971,-48.19738
43604,Claro,PA,-0.76362,-47.46188
43606,Claro,PA,-1.02253,-46.63994
43637,Vivo,PA,-3.1975,-52.21222
43638,Vivo,PA,-3.1850277777778,-52.188277777778
43640,Vivo,PA,-1.4488888888889,-48.449166666667
43647,Vivo,PA,-1.0701305555556,-48.392211111111
43649,Vivo,PA,-1.3998611111111,-48.440861111111
43687,Claro,PA,-1.52917,-49.22028
43689,Claro,PA,-4.91944,-49.08667
43821,Vivo,PA,-1.3004222222222,-48.465977777778
43823,Vivo,PA,-2.6668472222222,-48.832883333333
43824,Vivo,PA,-5.74583,-49.14889
43827,Vivo,PA,-1.1282305555556,-48.446461111111
43828,Vivo,PA,-6.05472,-49.89278
43829,Vivo,PA,-1.3221472222222,-48.454647222222
43832,Claro,PA,-1.31266,-47.89641
43833,Claro,PA,-1.51672,-48.71722
43835,TIM,PA,-8.0391944444444,-50.036194444444
43856,Claro,PA,-1.25908,-48.45261
43857,Claro,PA,-2.4560833333333,-54.705608333333
43950,TIM,PA,-5.41774,-49.09131
44039,Vivo,PA,-2.23806,-49.49444
44040,Vivo,PA,-4.25861,-55.9875
44041,Vivo,PA,-6.07306,-49.90389
44043,Vivo,PA,-1.44231,-48.46192
44046,Vivo,PA,-1.4748138888889,-48.469738888889
44063,Claro,PA,-3.7798361111111,-49.664077777778
44138,Claro,PA,-1.898,-49.38238
44158,Claro,PA,-8.01972,-50.03851
44171,Vivo,PA,-1.6866666666667,-50.484741666667
44172,Vivo,PA,-1.3419444444444,-48.467777777778
44254,TIM,PA,-1.3636111111111,-48.436388888889
44266,TIM,PA,-1.3084722222222,-48.467611111111
44270,TIM,PA,-3.0045555555556,-47.352872222222
44320,Claro,PA,-6.08906,-49.8547
44335,Claro,PA,-3.8259305555556,-49.665938888889
44394,TIM,PA,-0.93222,-48.285
44427,Claro,PA,-0.71357,-47.87302
44767,Vivo,PA,-1.36667,-48.47694
44768,Vivo,PA,-2.25333,-49.50861
45162,TIM,PA,-1.420278,-48.471472
45163,TIM,PA,-1.1885277777778,-47.171222222222
45203,TIM,PA,-1.33825,-48.392444444444
45204,TIM,PA,-0.626,-47.633722
45207,TIM,PA,-1.471944,-48.49725
45246,TIM,PA,-0.71173611111111,-47.3006
45338,Claro,PA,-1.3701777777778,-48.44635
45445,TIM,PA,-1.332194,-48.471806
45620,Vivo,PA,-1.3413888888889,-48.396388888889
45622,Vivo,PA,-6.09583,-49.59944
45623,Vivo,PA,-1.30583,-47.93889
45624,Vivo,PA,-2.9975,-47.359444444444
45642,Vivo,PA,-5.3696694444444,-49.104261111111
45643,Vivo,PA,-3.30583,-52.53861
45644,Vivo,PA,-8.0550277777778,-50.015555555556
45645,Vivo,PA,-2.4546666666667,-54.686472222222
45690,Vivo,PA,-2.4345277777778,-54.713555555556
45691,Vivo,PA,-2.46944,-54.71694
45704,Vivo,PA,-6.07611,-49.87
45705,Vivo,PA,-6.06472,-49.85417
45707,Vivo,PA,-6.07528,-49.85472
45708,Vivo,PA,-8.0175555555556,-50.047666666667
45710,Vivo,PA,-2.4404166666667,-54.7265
45711,Vivo,PA,-2.45361,-54.70861
45714,Vivo,PA,-2.4593611111111,-54.753444444444
45785,TIM,PA,-1.4237222222222,-48.487805555556
45797,TIM,PA,-1.376194,-48.483333
45807,TIM,PA,-1.43075,-48.476778
45808,TIM,PA,-1.3956888888889,-48.449
45814,TIM,PA,-1.3176944444444,-48.436972222222
45816,TIM,PA,-1.35111,-48.37028
45817,TIM,PA,-1.3519722222222,-48.395
45822,TIM,PA,-1.3578611111111,-48.401
45824,TIM,PA,-1.4110833333333,-48.473166666667
45825,TIM,PA,-1.5266694444444,-48.668222222222
45829,TIM,PA,-1.610056,-47.473806
45831,TIM,PA,-1.329139,-48.402
45935,TIM,PA,-5.4129,-49.107130555556
45938,TIM,PA,-5.9575,-49.615330555556
45968,Vivo,PA,-1.50278,-48.61861
45969,Vivo,PA,-6.7293611111111,-49.506944444444
45970,Vivo,PA,-2.4398888888889,-54.692916666667
45972,Vivo,PA,-2.4247444444444,-54.716794444444
45973,Vivo,PA,-3.21917,-52.21944
45979,Vivo,PA,-2.4213333333333,-54.736194444444
45980,Vivo,PA,-2.4322277777778,-54.754111111111
45982,Vivo,PA,-1.3808333333333,-48.3175
46038,Vivo,PA,-2.32361,-47.56472
46039,Vivo,PA,-2.72417,-47.46306
46147,TIM,PA,-1.375111,-48.322944
46223,TIM,PA,-6.05778,-49.885
46226,TIM,PA,-6.1006388888889,-49.86375
46245,TIM,PA,-5.2602611111111,-50.46465
46258,TIM,PA,-2.6235833333333,-54.733055555556
46259,TIM,PA,-6.6433055555556,-51.991555555556
46260,TIM,PA,-6.09167,-49.85583
46262,TIM,PA,-6.0606916666667,-50.185188888889
46285,Vivo,PA,-5.34944,-49.07111
46970,Vivo,PA,-6.1006388888889,-49.86375
46971,Vivo,PA,-6.11222,-49.90251
46972,Vivo,PA,-6.10139,-49.83472
46973,Vivo,PA,-1.4619555555556,-48.456480555556
46974,Vivo,PA,-6.08833,-49.87056
47412,Claro,PA,-0.98738888888889,-49.938555555556
47547,Vivo,PA,-5.36528,-49.12222
47549,Vivo,PA,-5.37694,-49.11361
47550,Vivo,PA,-3.19889,-52.205
47563,Vivo,PA,-6.115,-49.355
47578,Vivo,PA,-6.0832222222222,-49.897111111111
47579,Vivo,PA,-4.2366861111111,-56.011391666667
47580,Vivo,PA,-3.1868611111111,-52.224388888889
47581,Vivo,PA,-3.0011194444444,-47.45605
47582,Vivo,PA,-4.25611,-56.0025
47607,Vivo,PA,-2.09333,-56.485
47608,Vivo,PA,-3.7680555555556,-49.278333333333
47609,Vivo,PA,-8.0436944444444,-50.018
47610,Vivo,PA,-1.35222,-48.39889
47611,Vivo,PA,-8.0450222222222,-50.054183333333
47619,Vivo,PA,-0.86980555555556,-52.533658333333
47620,Vivo,PA,-3.20951,-52.23791
47621,Vivo,PA,-3.206425,-52.219566666667
47622,Vivo,PA,-1.4617527777778,-48.486338888889
47623,Vivo,PA,-2.43139,-54.74167
47624,Vivo,PA,-2.42806,-54.72667
47625,Vivo,PA,-2.4210555555556,-54.722694444444
47626,Vivo,PA,-2.45444,-54.74306
47627,Vivo,PA,-3.38333,-48.94111
47628,Vivo,PA,-3.175375,-48.957905555556
47699,Vivo,PA,-1.5166694444444,-48.693611111111
47946,TIM,PA,-1.3019444444444,-48.470638888889
47959,Vivo,PA,-1.38938,-48.3801
47960,Vivo,PA,-1.46389,-48.4975
47961,Vivo,PA,-1.40694,-48.395
48035,Vivo,PA,-0.82788888888889,-46.606
48051,TIM,PA,-4.1011666666667,-54.909358333333
48052,TIM,PA,-3.7172194444444,-53.736138888889
48053,TIM,PA,-5.3398583333333,-49.091916666667
48054,TIM,PA,-5.4176083333333,-49.091555555556
48199,Claro,PA,-0.615,-47.35806
48223,Claro,PA,-3.7838888888889,-49.570277777778
48231,Claro,PA,-0.75667,-48.52111
48235,Vivo,PA,-8.04556,-50.02889
48249,Claro,PA,-2.8838833333333,-52.004577777778
48263,TIM,PA,-1.37,-48.44583
48456,TIM,PA,-1.4483416666667,-48.4686
48628,Vivo,PA,-1.3547138888889,-48.364922222222
48642,Vivo,PA,-2.4255861111111,-54.787569444444
49486,Claro,PA,-6.9421694444444,-49.7
49697,Claro,PA,-1.45,-48.48806
49698,Claro,PA,-1.45,-48.488316666667
50159,Vivo,PA,-5.3398638888889,-49.091938888889
50300,Vivo,PA,-1.3575,-48.3942
50301,Vivo,PA,-1.3505555555556,-48.419166666667
50302,Vivo,PA,-1.39417,-48.395
50304,Vivo,PA,-1.5147,-48.6203
50305,Vivo,PA,-1.2589,-48.4525
50307,Vivo,PA,-1.40722,-48.45389
50308,Vivo,PA,-1.33833,-48.45778
50310,Vivo,PA,-1.40556,-48.48306
50311,Vivo,PA,-1.35028,-48.44917
50312,Vivo,PA,-1.42222,-48.48611
50313,Vivo,PA,-1.4130888888889,-48.480805555556
50314,Vivo,PA,-1.4239,-48.4373
50315,Vivo,PA,-1.3684611111111,-48.433138888889
50316,Vivo,PA,-1.3761944444444,-48.483325
50317,Vivo,PA,-0.65327777777778,-47.268444444444
50318,Vivo,PA,-2.4359,-54.728733333333
50339,Vivo,PA,-6.7452777777778,-51.156388888889
50341,Vivo,PA,-1.7181,-48.8833
50342,Vivo,PA,-1.9571666666667,-54.739861111111
50343,Vivo,PA,-1.0490833333333,-46.770363888889
50344,Vivo,PA,-3.8469444444444,-49.095830555556
50345,Vivo,PA,-1.98417,-48.96167
50347,Vivo,PA,-0.725,-48.51889
50348,Vivo,PA,-0.85667,-48.14056
50349,Vivo,PA,-4.2761,-55.9836
50350,Vivo,PA,-5.21028,-49.04417
50351,Vivo,PA,-4.92,-49.07917
50352,Vivo,PA,-1.31694,-47.89389
50354,Vivo,PA,-4.27556,-56
50355,Vivo,PA,-1.3302777777778,-48.373333333333
50402,Vivo,PA,-0.92139,-52.44139
50403,Vivo,PA,-1.3364194444444,-48.403369444444
50404,Vivo,PA,-1.3983,-48.4229
50405,Vivo,PA,-1.3871111111111,-48.383269444444
50406,Vivo,PA,-1.27444,-47.90278
50408,Vivo,PA,-1.2875,-47.92917
50409,Vivo,PA,-1.3755,-48.3239
50410,Vivo,PA,-2.98472,-47.45222
50411,Vivo,PA,-1.43389,-48.48361
50412,Vivo,PA,-1.3776194444444,-48.444011111111
50413,Vivo,PA,-1.4387194444444,-48.480486111111
50415,Vivo,PA,-1.45722,-48.50528
50416,Vivo,PA,-1.43778,-48.49167
50417,Vivo,PA,-1.4716027777778,-48.461694444444
50418,Vivo,PA,-1.45139,-48.49944
50419,Vivo,PA,-1.39611,-48.43444
50420,Vivo,PA,-1.47111,-48.49306
50421,Vivo,PA,-1.45885,-48.4853
50423,Vivo,PA,-1.46306,-48.47889
50424,Vivo,PA,-1.42611,-48.47028
50425,Vivo,PA,-1.44417,-48.47056
50426,Vivo,PA,-1.4642833333333,-48.44905
50427,Vivo,PA,-1.45694,-48.46306
50428,Vivo,PA,-1.32605,-48.43895
50430,Vivo,PA,-1.32778,-48.465
50431,Vivo,PA,-1.3803,-48.4564
50432,Vivo,PA,-1.3125,-48.4525
50433,Vivo,PA,-1.29806,-48.47056
50434,Vivo,PA,-1.33925,-48.437777777778
50435,Vivo,PA,-1.30556,-48.46167
50436,Vivo,PA,-1.40444,-48.42556
50437,Vivo,PA,-1.4237222222222,-48.487805555556
50493,Vivo,PA,-6.5251388888889,-49.847194444444
50494,Vivo,PA,-2.24667,-49.50806
50495,Vivo,PA,-2.4487444444444,-54.697822222222
50499,Vivo,PA,-1.28194,-47.94972
50500,Vivo,PA,-2.98389,-47.35028
50589,Claro,PA,-5.7277944444444,-49.143075
50702,TIM,PA,-0.72511111111111,-48.519416666667
50800,Vivo,PA,-1.3616666666667,-48.43472
50803,Vivo,PA,-1.31472,-48.22417
50805,Vivo,PA,-1.4662611111111,-48.482580555556
50806,Vivo,PA,-0.64508333333333,-47.328472222222
50811,Vivo,PA,-2.44115,-54.709897222222
50812,Vivo,PA,-1.29361,-48.16194
50817,Vivo,PA,-5.3290888888889,-49.094280555556
50818,Vivo,PA,-6.527,-49.863111111111
50819,Vivo,PA,-1.3584944444444,-48.34005
50821,Vivo,PA,-1.5227666666667,-48.670238888889
50823,Vivo,PA,-8.0261666666667,-50.025
50824,Vivo,PA,-2.46466,-54.68197
50825,Vivo,PA,-3.22278,-52.22861
50828,Vivo,PA,-2.9413277777778,-48.944175
50829,Vivo,PA,-1.9452083333333,-54.72995
50830,Vivo,PA,-2.4491944444444,-54.730833333333
50831,Vivo,PA,-7.1177222222222,-49.950916666667
50832,Vivo,PA,-3.74333,-49.67972
50834,Vivo,PA,-3.77472,-49.66361
51042,Vivo,PA,-5.38278,-49.12639
51043,Vivo,PA,-6.54089,-49.85411
51044,Vivo,PA,-3.76417,-49.68861
51048,Vivo,PA,-6.0721388888889,-49.879027777778
51049,Vivo,PA,-5.3350277777778,-49.079
51050,Vivo,PA,-5.3793333333333,-49.131666666667
51051,Vivo,PA,-1.7493888888889,-55.862833333333
51053,TIM,PA,-3.7761111111111,-49.565583333333
51056,Vivo,PA,-5.35222,-49.09222
51057,Vivo,PA,-4.30925,-47.553277777778
51058,Vivo,PA,-1.6904388888889,-50.47595
51109,TIM,PA,-1.35111,-48.40861
51145,Vivo,PA,-5.39253,-49.13592
51146,Vivo,PA,-2.46259,-54.71098
51147,Vivo,PA,-1.94139,-54.74364
51149,Vivo,PA,-1.3662916666667,-48.338738888889
51158,TIM,PA,-5.3498555555556,-49.085011111111
51177,Vivo,PA,-3.1996944444444,-52.219166666667
51181,Vivo,PA,-3.1944444444444,-52.206163888889
51182,Vivo,PA,-3.2180833333333,-52.216
51227,Vivo,PA,-2.4637222222222,-54.727722222222
51229,Vivo,PA,-3.17522,-52.18989
51256,Claro,PA,-1.17164,-47.79709
51294,Vivo,PA,-6.07694,-49.88389
51296,Vivo,PA,-6.07972,-49.91111
51597,Vivo,PA,-8.2687222222222,-49.263
51598,Vivo,PA,-1.32966,-48.40072
51601,Vivo,PA,-5.3816944444444,-49.151972222222
51612,Claro,PA,-1.62476,-48.80366
51613,Claro,PA,-1.85753,-49.01553
51701,TIM,PA,-3.19667,-52.18778
51703,TIM,PA,-3.1263333333333,-51.7785
51722,Vivo,PA,-5.36889,-49.10972
51723,Vivo,PA,-1.8971944444444,-50.209861111111
51725,Vivo,PA,-4.7735555555556,-48.064836111111
51788,Claro,PA,-1.09892,-46.47237
51789,Claro,PA,-0.80091666666667,-47.603388888889
51790,Claro,PA,-1.13,-47.0625
51791,Claro,PA,-0.93021,-47.39552
51842,Claro,PA,-0.93219444444444,-48.285252777778
51844,Claro,PA,-1.54512,-47.11432
51845,Claro,PA,-1.39661,-47.18508
51846,Claro,PA,-0.93498,-48.16483
51847,Claro,PA,-0.88667,-47.80056
51851,Claro,PA,-1.2760555555556,-46.933108333333
51853,Claro,PA,-1.51433,-48.04211
51862,Claro,PA,-5.3600805555556,-48.7901
52022,Claro,PA,-1.3615305555556,-47.3073
52023,Claro,PA,-2.3925,-49.54944
52024,Claro,PA,-1.6869,-47.765
52025,Claro,PA,-1.22608,-48.29468
52190,TIM,PA,-0.76941666666667,-47.173388888889
52218,Claro,PA,-1.74967,-47.07006
52219,Claro,PA,-5.3333333333333,-49.231280555556
52220,Claro,PA,-7.5566416666667,-49.705113888889
52221,Claro,PA,-0.94372222222222,-47.123305555556
52231,Claro,PA,-0.84917,-47.92149
52243,Vivo,PA,-5.34222,-49.126666666667
52250,Vivo,PA,-4.26944,-55.98167
52254,Vivo,PA,-1.6631666666667,-54.679222222222
52272,Claro,PA,-1.82425,-48.20291
52406,Claro,PA,-1.11714,-46.30802
52430,Claro,PA,-3.0322,-49.64071
52448,Claro,PA,-2.79587,-49.66785
52449,Claro,PA,-1.363439,-48.275362
52450,Claro,PA,-2.3895,-47.54191
52560,Claro,PA,-0.98955,-49.93641
52766,TIM,PA,-1.7719722222222,-47.440361111111
52775,Claro,PA,-2.4134611111111,-48.153969444444
52815,Vivo,PA,-2.4563055555556,-54.76575
52824,Claro,PA,-5.566178,-48.539019
52891,Claro,PA,-7.8115694444444,-50.764222222222
53116,Claro,PA,-8.87104,-49.71766
53185,Claro,PA,-1.15403,1901.01694444
53368,Vivo,PA,-6.76194,-51.07472
53548,Claro,PA,-2.58083,-51.92444
54025,TIM,PA,-1.351861,-48.477222
54027,TIM,PA,-1.37611,-48.38194
54028,TIM,PA,-1.35915,-48.380269444444
54029,TIM,PA,-1.3623,-48.365272
54031,TIM,PA,-1.35,-48.35889
54032,TIM,PA,-1.34522,-48.41222
54035,TIM,PA,-3.1390916666667,-51.771352777778
54050,TIM,PA,-1.2691944444444,-48.437
54096,TIM,PA,-1.463917,-48.497694
54097,TIM,PA,-1.471611,-48.489639
54194,TIM,PA,-1.419222,-48.444056
54195,TIM,PA,-1.368711,-48.433433
54196,TIM,PA,-1.3645277777778,-48.468861111111
54197,TIM,PA,-1.46625,-48.482583
54210,TIM,PA,-1.422222,-48.483611
54248,TIM,PA,-1.36611,-48.4575
54254,TIM,PA,-1.328,-48.45042
54256,TIM,PA,-1.434278,-48.452556
54259,TIM,PA,-1.41725,-48.472583333333
54260,TIM,PA,-1.344417,-48.425944
54381,TIM,PA,-1.3675,-48.32028
54385,TIM,PA,-1.38694,-48.33333
54391,TIM,PA,-1.198,-47.195888888889
54395,TIM,PA,-1.4455555555556,-48.455833333333
54398,TIM,PA,-1.343292,-48.380539
54399,TIM,PA,-1.4461111111111,-48.471388888889
54401,TIM,PA,-1.137083,-48.451583
54465,TIM,PA,-1.461639,-48.463944
54466,TIM,PA,-1.431556,-48.483472
54469,TIM,PA,-1.265583,-48.452139
54499,TIM,PA,-1.35889,-48.34861
54508,TIM,PA,-1.434069,-48.4837
54578,TIM,PA,-1.437931,-48.491861
54621,TIM,PA,-1.300389,-48.466
54633,TIM,PA,-1.457389,-48.505333
54636,TIM,PA,-1.414278,-48.477778
54674,TIM,PA,-1.3749722222222,-48.452277777778
54703,TIM,PA,-1.3062833333333,-48.481444444444
54730,TIM,PA,-0.599444,-47.31125
54778,TIM,PA,-1.425667,-48.450389
54822,TIM,PA,-1.462028,-48.451861
54914,TIM,PA,-1.344328,-48.445
54917,TIM,PA,-1.4583888888889,-48.4895
55108,Vivo,PA,-7.31583,-50.03889
55110,TIM,PA,-1.4523055555556,-48.478527777778
55185,TIM,PA,-1.356917,-48.450028
55200,TIM,PA,-1.444694,-48.483806
55201,TIM,PA,-1.207417,-47.183667
55293,Vivo,PA,-5.3484444444444,-49.091083333333
55294,Vivo,PA,-5.37139,-49.18278
55388,TIM,PA,-1.330167,-48.475778
55484,TIM,PA,-1.38417,-48.39944
55489,Claro,PA,-3.869842,-54.216542
55552,Vivo,PA,-4.24833,-49.95472
55557,Vivo,PA,-3.2137888888889,-52.225902777778
55638,Vivo,PA,-8.0549111111111,-50.032302777778
55639,Vivo,PA,-1.3845888888889,-48.459102777778
55659,Claro,PA,-2.00383,-49.86407
55669,Claro,PA,-3.84058,-50.63931
55673,Claro,PA,-4.7037222222222,-55.996911111111
55727,TIM,PA,-1.40861,-48.44111
55850,TIM,PA,-1.445972,-48.489167
55899,Claro,PA,-3.470211,-51.204461
55900,Claro,PA,-4.1018111111111,-54.909727777778
56162,Vivo,PA,-1.3902833333333,-48.465172222222
56165,Vivo,PA,-5.13583,-49.33194
56233,Claro,PA,-3.60494,-55.32361
56373,Claro,PA,-1.3897888888889,-48.46458
56407,Vivo,PA,-5.3569,-49.086
56411,Claro,PA,-6.2219555555556,-57.76537
56416,Claro,PA,-1.408278,-51.647139
56440,TIM,PA,-5.35,-49.10694
56629,Claro,PA,-5.36558,-49.11472
56749,TIM,PA,-1.38972,-48.46528
56987,Claro,PA,-1.53694,-49.4963
57050,Vivo,PA,-2.58861,-51.94917
57052,Vivo,PA,-2.00528,-49.85639
57053,Vivo,PA,-1.8894666666667,-48.772519444444
57055,Vivo,PA,-3.44917,-52.89222
57056,Vivo,PA,-4.789125,-48.074025
57057,Vivo,PA,-5.3409166666667,-49.104611111111
57058,Vivo,PA,-5.3652972222222,-49.100302777778
57059,Vivo,PA,-5.385,-49.14167
57064,Vivo,PA,-5.28806,-49.06778
57067,Vivo,PA,-5.2901111111111,-49.100555555556
57068,Vivo,PA,-0.70861,-47.87833
57070,Vivo,PA,-1.7327388888889,-48.86565
57071,Vivo,PA,-1.75556,-55.86833
57130,Vivo,PA,-4.25389,-49.93667
57819,TIM,PA,-6.078458,-49.787331
57820,TIM,PA,-5.74611,-49.14861
57844,Vivo,PA,-2.885,-52.01444
58046,Vivo,PA,-1.30833,-47.91466
58047,Vivo,PA,-1.20689,-47.17608
58071,Vivo,PA,-1.6825,-50.47167
58276,Vivo,PA,-1.99194,-54.06806
58279,Vivo,PA,-2.490625,-54.670225
58281,Vivo,PA,-1.28472,-47.92111
58324,Vivo,PA,-7.0882222222222,-49.93825
58325,Vivo,PA,-4.24222,-55.97389
58330,Vivo,PA,-3.1906944444444,-52.190972222222
58331,Vivo,PA,-4.26306,-55.99972
58557,TIM,PA,-2.4404166666667,-54.7265
58561,TIM,PA,-2.4718611111111,-54.725472222222
58564,TIM,PA,-2.43528,-54.70361
58566,TIM,PA,-2.510556,-54.953611
58571,TIM,PA,-2.4247444444444,-54.716794444444
58575,TIM,PA,-2.4536111111111,-54.708722222222
58578,TIM,PA,-5.372575,-49.129366666667
58582,TIM,PA,-2.462583,-54.710972
58587,TIM,PA,-5.3770555555556,-49.113611111111
58591,TIM,PA,-2.47472,-54.70694
58601,TIM,PA,-2.45444,-54.68639
58603,TIM,PA,-5.294778,-49.074278
58606,TIM,PA,-5.382944,-49.126639
58610,TIM,PA,-5.34944,-49.07111
58614,TIM,PA,-2.4229444444444,-54.728111111111
58617,TIM,PA,-2.44115,-54.709897222222
58624,TIM,PA,-2.43444,-54.71333
58625,TIM,PA,-2.43139,-54.74167
58627,TIM,PA,-2.457222,-54.700306
58631,TIM,PA,-5.3793333333333,-49.131666666667
58634,TIM,PA,-2.4170555555556,-54.712027777778
58639,TIM,PA,-2.46944,-54.71694
58642,TIM,PA,-2.4487444444444,-54.697822222222
58646,TIM,PA,-2.4440277777778,-54.704666666667
58650,TIM,PA,-2.4479166666667,-54.752638888889
58654,TIM,PA,-5.3290888888889,-49.094280555556
58656,TIM,PA,-5.3439444444444,-49.097055555556
58670,TIM,PA,-5.3523333333333,-49.092472222222
58675,TIM,PA,-5.3696694444444,-49.104261111111
58679,TIM,PA,-5.347778,-49.084694
58687,TIM,PA,-5.365,-49.114722222222
58690,TIM,PA,-5.3491388888889,-49.10875
58698,TIM,PA,-5.35,-49.09472
58699,TIM,PA,-5.33528,-49.08472
58701,TIM,PA,-5.33167,-49.10861
58703,TIM,PA,-5.32528,-49.09889
58705,TIM,PA,-5.3491666666667,-49.134444444444
58707,TIM,PA,-2.43583,-54.72861
58709,TIM,PA,-5.2105,-49.0444
58711,TIM,PA,-2.45444,-54.74306
58712,TIM,PA,-2.42806,-54.72667
58715,TIM,PA,-2.4760277777778,-54.684502777778
58717,TIM,PA,-2.4486111111111,-54.741388888889
58719,TIM,PA,-5.3578055555556,-49.080944444444
58721,TIM,PA,-2.4316694444444,-54.7328
58724,TIM,PA,-2.4391666666667,-54.718055555556
58726,TIM,PA,-2.43222,-54.75389
58731,TIM,PA,-2.45917,-54.75333
58734,TIM,PA,-2.4292055555556,-54.701886111111
58739,TIM,PA,-2.4259722222222,-54.740111111111
58745,TIM,PA,-2.4199444444444,-54.718194444444
58751,TIM,PA,-2.4491944444444,-54.718083333333
58755,TIM,PA,-5.3893722222222,-49.12865
58763,TIM,PA,-5.37167,-49.11917
58769,TIM,PA,-2.4578333333333,-54.7175
58773,TIM,PA,-2.4278138888889,-54.712047222222
58777,TIM,PA,-2.427944,-54.720139
58784,TIM,PA,-2.44972,-54.72778
58793,TIM,PA,-5.3653611111111,-49.122277777778
58796,TIM,PA,-2.42111,-54.73611
58803,TIM,PA,-2.43972,-54.69278
58806,TIM,PA,-2.42333,-54.70917
58813,TIM,PA,-5.3357777777778,-49.098611111111
59105,TIM,PA,-1.38125,-48.361389
59192,Claro,PA,-2.4397222222222,-54.719752777778
59205,Claro,PA,-2.22639,-49.49306
59378,Claro,PA,-1.4954722222222,-52.603583333333
59379,Claro,PA,-1.6755166666667,-50.475305555556
59380,Claro,PA,-1.9126972222222,-55.517713888889
59430,TIM,PA,-1.3721,-48.4793
59694,TIM,PA,-1.3969444444444,-48.386388888889
59719,Vivo,PA,-1.7140583333333,-48.880663888889
59722,Vivo,PA,-1.3869444444444,-48.333452777778
59723,Vivo,PA,-1.049,-46.770583333333
59724,Vivo,PA,-1.3689361111111,-48.354508333333
59767,Claro,PA,-1.71417,-48.88083
59790,Claro,PA,-0.82768055555556,-46.6058
59791,Claro,PA,-2.23905,-49.49439
59899,Vivo,PA,-3.44528,-49.60167
59902,Vivo,PA,-3.99806,-49.51111
60010,Claro,PA,-1.2936,-47.90748
60011,Claro,PA,-1.27791,-47.90686
60013,Claro,PA,-1.28429,-47.94319
60157,Claro,PA,-6.0793111111111,-49.900988888889
60207,Claro,PA,-2.253539,-49.50863
60208,Claro,PA,-6.0366611111111,-49.890933333333
60446,TIM,PA,-1.4488055555556,-48.4725
60485,TIM,PA,-1.40972,-48.43333
60492,TIM,PA,-1.43722,-48.46306
60505,TIM,PA,-1.46278,-48.49111
60594,TIM,PA,-1.33444,-48.43778
60610,TIM,PA,-1.33417,-48.43667
60651,TIM,PA,-1.46,-48.49194
60654,TIM,PA,-1.45806,-48.47889
60673,TIM,PA,-1.30056,-48.46972
60674,TIM,PA,-1.44583,-48.48667
60680,TIM,PA,-1.44083,-48.46333
60710,TIM,PA,-1.32975,-48.431777777778
60718,TIM,PA,-1.43028,-48.46222
60719,TIM,PA,-1.42,-48.48056
60720,TIM,PA,-1.3307222222222,-48.452805555556
60730,TIM,PA,-1.4487777777778,-48.498777777778
60732,TIM,PA,-1.46175,-48.491972222222
60752,Vivo,PA,-6.39444,-48.56361
60756,TIM,PA,-1.32556,-48.42972
60759,TIM,PA,-1.40917,-48.44583
60762,TIM,PA,-1.44972,-48.47722
60807,TIM,PA,-1.44583,-48.45861
60842,TIM,PA,-1.44083,-48.46333
61670,TIM,PA,-1.3725,-48.38472
61820,TIM,PA,-6.0841388888889,-49.906027777778
61833,TIM,PA,-6.0775,-49.8925
61836,TIM,PA,-6.0572222222222,-49.884722222222
61864,TIM,PA,-6.0732333333333,-49.903897222222
61869,TIM,PA,-6.075333,-49.854972
61872,TIM,PA,-3.1850277777778,-52.188277777778
61874,TIM,PA,-6.018861,-49.888389
61879,TIM,PA,-6.1016111111111,-49.834888888889
61910,TIM,PA,-3.197556,-52.212472
61913,TIM,PA,-3.19444,-52.22028
61916,TIM,PA,-3.2109166666667,-52.217666666667
61933,TIM,PA,-3.1921111111111,-52.204888888889
61938,TIM,PA,-3.215889,-52.238278
61939,TIM,PA,-3.2067444444444,-52.209475
61940,TIM,PA,-3.18611,-52.21306
61941,TIM,PA,-3.21806,-52.22472
61946,TIM,PA,-6.08556,-49.88833
61947,TIM,PA,-6.0470555555556,-49.8945
61948,TIM,PA,-6.076944,-49.891111
62009,TIM,PA,-6.0578888888889,-50.157472222222
62011,TIM,PA,-6.0697222222222,-50.0625
62093,TIM,PA,-3.2137888888889,-52.225902777778
62094,TIM,PA,-3.18667,-52.22417
62095,TIM,PA,-3.21917,-52.21944
62096,TIM,PA,-6.0951666666667,-49.848055555556
62098,TIM,PA,-6.0799444444444,-49.911277777778
62099,TIM,PA,-6.10056,-49.86361
62101,TIM,PA,-6.07625,-49.870111
62103,TIM,PA,-6.065694,-49.854361
62106,TIM,PA,-6.0885277777778,-49.870777777778
62149,TIM,PA,-3.209528,-52.237917
62151,TIM,PA,-6.066667,-49.895556
62152,TIM,PA,-6.0655,-49.909722
62153,TIM,PA,-3.1989444444444,-52.205166666667
62160,TIM,PA,-3.20778,-52.22833
62162,TIM,PA,-6.09278,-49.88833
62165,TIM,PA,-6.05472,-49.89278
62248,Vivo,PA,-0.15888,-50.38666
62259,Vivo,PA,-1.4512055555556,-48.456480555556
62274,TIM,PA,-1.38778,-48.41028
62277,TIM,PA,-1.45972,-48.49222
62285,TIM,PA,-1.37475,-48.389972
62287,TIM,PA,-1.44861,-48.49861
62289,TIM,PA,-1.36583,-48.40583
62291,TIM,PA,-1.42306,-48.4575
62321,TIM,PA,-1.45194,-48.43472
62426,TIM,PA,-1.45222,-48.48778
62428,TIM,PA,-1.39167,-48.41667
62884,Claro,PA,-1.0629,-46.78201
63046,TIM,PA,-3.22278,-52.22861
63161,TIM,PA,-1.38972,-48.41389
63185,Vivo,PA,-1.45667,-48.500277777778
63189,Vivo,PA,-1.36361,-48.42278
63217,Claro,PA,-1.72825,-48.86717
63352,Vivo,PA,-1.47444,-48.46111
63353,Vivo,PA,-1.77389,-55.85639
63433,Claro,PA,-3.8697194444444,-54.216377777778
63440,Claro,PA,-3.9969555555556,-55.543502777778
63475,Vivo,PA,-1.2903972222222,-48.155058333333
63477,Vivo,PA,-1.29889,-48.1725
63596,Vivo,PA,-6.5517777777778,-49.843527777778
63747,Vivo,PA,-3.0153027777778,-47.353619444444
63750,Vivo,PA,-6.04611,-49.88639
63751,Vivo,PA,-4.44583,-49.11611
63753,Vivo,PA,-8.0391944444444,-50.036194444444
63754,Vivo,PA,-5.55167,-48.73083
64059,TIM,PA,-5.3351388888889,-49.0985
64202,TIM,PA,-1.97111,-48.96611
64203,TIM,PA,-1.98417,-48.96167
64204,TIM,PA,-5.16083,-49.33194
64205,TIM,PA,-5.1375,-49.34333
64206,TIM,PA,-4.2441666666667,-49.944444444444
64207,TIM,PA,-4.25583,-49.95722
64208,TIM,PA,-3.8405833333333,-50.639388888889
64209,TIM,PA,-2.91972,-48.95833
64210,TIM,PA,-2.4641666666667,-48.745
64211,TIM,PA,-6.75333,-51.15444
64212,TIM,PA,-6.75056,-51.17472
64213,TIM,PA,-6.755,-51.13972
64214,TIM,PA,-3.72278,-53.74194
64298,Claro,PA,-1.525371,-48.622347
64381,Claro,PA,-1.53305,-48.68147
64386,Claro,PA,-1.50389,-48.69833
64944,Vivo,PA,-2.17,-56.74694
64946,Vivo,PA,-1.731,-48.882083333333
64955,Vivo,PA,-1.3048611111111,-47.999583333333
64956,Vivo,PA,-1.2960555555556,-47.947333333333
64957,Vivo,PA,-1.2943611111111,-47.892361111111
64958,Vivo,PA,-1.2783333333333,-47.923888888889
64959,Vivo,PA,-1.3049444444444,-47.938305555556
64960,Vivo,PA,-1.2866666666667,-47.929166666667
64961,Vivo,PA,-1.2998888888889,-47.914305555556
64962,Vivo,PA,-1.2956388888889,-47.935388888889
64963,Vivo,PA,-1.2981666666667,-47.980722222222
64964,Vivo,PA,-1.2846944444444,-47.913972222222
64965,Vivo,PA,-1.2739166666667,-47.909472222222
64966,Vivo,PA,-1.2819444444444,-47.94975
64967,Vivo,PA,-1.3038333333333,-47.77975
64968,Vivo,PA,-1.2938888888889,-47.923888888889
64969,Vivo,PA,-5.37639,-49.1375
64987,Claro,PA,-8.2902861111111,-49.275883333333
64995,Claro,PA,-2.0935611111111,-56.4852
64996,Claro,PA,-2.1060666666667,-56.491530555556
64997,Claro,PA,-1.5316666666667,-46.893333333333
64998,Claro,PA,-1.7213888888889,-49.528061111111
64999,Claro,PA,-1.7150611111111,-49.532438888889
65000,Claro,PA,-6.4419722222222,-48.860169444444
65001,Claro,PA,-5.7445,-48.316166666667
65002,Claro,PA,-7.8298333333333,-50.045191666667
65003,Claro,PA,-0.63333,-47.65306
65004,Claro,PA,-1.8026388888889,-50.714030555556
65005,Claro,PA,-3.4602777777778,-52.8875
65006,Claro,PA,-1.8138388888889,-49.798958333333
65007,Claro,PA,-1.8083305555556,-49.792688888889
65008,Claro,PA,-1.8890055555556,-55.110491666667
65009,Claro,PA,-1.98528,-47.94111
65010,Claro,PA,-3.3058611111111,-52.5388
65011,Claro,PA,-3.2905555555556,-52.545555555556
65012,Claro,PA,-7.3481666666667,-50.410561111111
65013,Claro,PA,-1.8971888888889,-50.2099
65014,Claro,PA,-1.8972194444444,-50.214438888889
65015,Claro,PA,-5.7016083333333,-48.404719444444
65016,Claro,PA,-2.6377222222222,-54.936805555556
65017,Claro,PA,-4.9541666666667,-48.411941666667
65030,Claro,PA,-6.0703611111111,-49.863608333333
65031,Claro,PA,-9.33528,-50.34725
65032,Claro,PA,-4.31081,-47.54828
65033,Claro,PA,-1.520635,-48.663449
65034,Claro,PA,-1.50729,-48.62478
65040,Claro,PA,-1.31392,-48.22725
65052,Claro,PA,-1.91278,-48.76861
65168,Claro,PA,-1.3405,-48.24665
65184,Claro,PA,-4.1441694444444,-50.213058333333
65186,Claro,PA,-2.1358611111111,-47.556861111111
65504,Claro,PA,-1.41062,-48.39267
65658,Claro,PA,-2.4588972222222,-54.717408333333
65689,Vivo,PA,-1.0641111111111,-46.767194444444
65690,Vivo,PA,-1.2904305555556,-48.155180555556
65695,Vivo,PA,-2.15361,-56.08306
65696,Vivo,PA,-3.45944,-51.20917
65697,Vivo,PA,-6.51444,-49.86833
65698,Vivo,PA,-1.81194,-49.79889
65699,Vivo,PA,-1.5309611111111,-49.220152777778
65700,Vivo,PA,-1.72075,-48.867083333333
65701,Vivo,PA,-1.1525,-48.13028
65710,Vivo,PA,-1.51667,-46.90417
65711,Vivo,PA,-0.73345277777778,-47.856127777778
65712,Vivo,PA,-1.52139,-48.66806
65713,Vivo,PA,-2.4185138888889,-54.716369444444
65773,Claro,PA,-2.4241,-54.738269444444
65774,Claro,PA,-5.38725,-49.14775
65775,Claro,PA,-6.1006388888889,-49.86375
65776,Claro,PA,-6.1122194444444,-49.902511111111
65783,Claro,PA,-3.1927777777778,-52.203777777778
65784,Claro,PA,-1.43028,-48.48848
65785,Claro,PA,-1.42238,-48.4793
65786,Claro,PA,-1.3444,-48.44502
65831,Claro,PA,-2.46025,-54.75195
65835,Claro,PA,-1.3711,-48.43559
65836,Claro,PA,-6.01756,-49.88835
65837,Claro,PA,-2.4546666666667,-54.68647
65838,Claro,PA,-2.4322777777778,-54.75411
65839,Claro,PA,-2.4749583333333,-54.707127777778
65864,Vivo,PA,-1.6056666666667,-47.482722222222
65865,Vivo,PA,-1.6197222222222,-47.48275
65866,Vivo,PA,-1.3590555555556,-48.341611111111
65867,Vivo,PA,-1.3751944444444,-48.340416666667
65868,Vivo,PA,-1.3808611111111,-48.317527777778
65869,Vivo,PA,-1.3569444444444,-48.335055555556
65870,Vivo,PA,-1.3751111111111,-48.322944444444
65871,Vivo,PA,-1.7243888888889,-48.888194444444
65872,Vivo,PA,-2.2488055555556,-49.501916666667
65873,Vivo,PA,-2.2394444444444,-49.495472222222
65874,Vivo,PA,-1.3661944444444,-48.339083333333
65875,Vivo,PA,-1.0563055555556,-46.763388888889
65876,Vivo,PA,-1.3716666666667,-48.329722222222
65919,Vivo,PA,-6.5247222222222,-49.832972222222
65920,Vivo,PA,-6.5517777777778,-49.843527777778
66035,Vivo,PA,-2.00083,-47.94528
66061,TIM,PA,-1.3845555555556,-48.458916666667
66075,TIM,PA,-3.8469,-49.095833333333
66121,Vivo,PA,-1.75417,-47.06889
66122,Vivo,PA,-5.12722,-49.3375
66123,Vivo,PA,-2.17389,-56.09639
66124,Vivo,PA,-2.00528,-54.06778
66125,Vivo,PA,-2.50278,-54.94778
66126,Vivo,PA,-2.42639,-54.73194
66202,Claro,PA,-1.3296,-48.40073
66203,Claro,PA,-1.45844,-48.50194
66204,Claro,PA,-1.26102,-48.55957
66205,Claro,PA,-5.2887666666667,-49.076477777778
66386,TIM,PA,-1.5298222222222,-52.577625
66387,TIM,PA,-3.7773444444444,-49.568411111111
66388,TIM,PA,-8.2855833333333,-49.274305555556
66389,TIM,PA,-6.1036111111111,-49.349444444444
66390,TIM,PA,-6.1038611111111,-49.374777777778
66391,TIM,PA,-4.2458333333333,-55.985555555556
66392,TIM,PA,-2.1515694444444,-56.080988888889
66393,TIM,PA,-4.2559722222222,-49.957361111111
66394,TIM,PA,-1.7524361111111,-52.235586111111
66395,TIM,PA,-8.0549111111111,-50.032302777778
66396,TIM,PA,-8.04325,-50.006277777778
66397,TIM,PA,-6.6421666666667,-51.974772222222
66398,TIM,PA,-3.7806694444444,-49.675663888889
66582,Claro,PA,-2.69072,-54.64234
66777,TIM,PA,-5.1382777777778,-49.333
66779,TIM,PA,-2.7956944444444,-49.668
66978,TIM,PA,-3.7658333333333,-49.673055555556
66979,TIM,PA,-3.8347222222222,-49.676111111111
66980,TIM,PA,-3.7806694444444,-49.675663888889
66981,TIM,PA,-3.83425,-49.686611111111
67014,TIM,PA,-5.12722,-49.3375
67092,TIM,PA,-2.93,-48.949166666667
67693,Vivo,PA,-1.96111,-48.1975
67694,Vivo,PA,-1.3689638888889,-48.354497222222
67695,Vivo,PA,-1.0225,-46.639722222222
67696,Vivo,PA,-2.7959027777778,-49.668541666667
67697,Vivo,PA,-3.7754722222222,-49.578111111111
67698,Vivo,PA,-2.4352777777778,-54.69861
67699,Vivo,PA,-2.44528,-54.72194
67700,Vivo,PA,-2.44278,-54.74667
67701,Vivo,PA,-0.61194,-47.36917
67702,Vivo,PA,-3.0089444444444,-47.347722222222
67703,Vivo,PA,-0.594,-47.322416666667
67704,Vivo,PA,-1.20444,-46.13861
67758,Claro,PA,-1.45507,-48.50057
67759,Claro,PA,-1.39947,-48.46154
67760,Claro,PA,-1.32375,-48.46711
67761,Claro,PA,-1.3380555555556,-48.47917
67762,Claro,PA,-5.3385,-49.103016666667
67763,Claro,PA,-1.24765,-48.26995
67764,Claro,PA,-2.4718611111111,-54.725472222222
67766,Claro,PA,-0.65667,-47.26833
67767,Claro,PA,-1.415,-48.44278
67778,Claro,PA,-1.12687,-48.44576
67779,Claro,PA,-1.28265,-48.32195
67780,Claro,PA,-6.54939,-49.84219
67781,Claro,PA,-5.3829666666667,-49.12665
67782,Claro,PA,-5.268182,-49.073649
67783,Claro,PA,-5.3401138888889,-49.078411111111
67784,Claro,PA,-5.3711111111111,-49.045711111111
67840,Claro,PA,-1.2492,-48.45315
67841,Claro,PA,-5.4256194444444,-49.270088888889
67842,Claro,PA,-5.3723583333333,-49.029216666667
67843,Claro,PA,-1.36106,-48.33941
67844,Claro,PA,-0.62301944444444,-47.359169444444
67862,Vivo,PA,-3.23,-52.26917
67885,Claro,PA,-5.3696694444444,-49.104261111111
67886,Claro,PA,-1.22308,-48.54756
67961,Claro,PA,-1.26516,-48.43966
67962,Claro,PA,-1.35356,-48.46506
67963,Claro,PA,-1.392126,-48.368271
68187,Vivo,PA,-1.45861,-48.47528
68188,Vivo,PA,-2.4192361111111,-54.709419444444
68189,Vivo,PA,-1.88778,-55.12556
68190,Vivo,PA,-2.46708,-54.75941
68191,Vivo,PA,-2.455,-54.725
68192,Vivo,PA,-1.7516777777778,-52.233811111111
68193,Vivo,PA,-6.64222,-51.97472
68227,Claro,PA,-6.0721388888889,-49.879027777778
68395,TIM,PA,-1.3846166666667,-48.409911111111
68462,Claro,PA,-1.34038,-48.42336
68775,Claro,PA,-1.47222,-48.48472
68776,Claro,PA,-1.33865,-48.45909
68777,Claro,PA,-5.3655333333333,-49.122313888889
68778,Claro,PA,-2.4760277777778,-54.6845
68779,Claro,PA,-2.4563055555556,-54.76575
68819,Claro,PA,-1.388113,-48.342856
68820,Claro,PA,-1.41125,-48.48514
68821,Claro,PA,-1.29364,-48.46883
68822,Claro,PA,-1.28389,-48.45806
68823,Claro,PA,-5.38315,-49.078230555556
68824,Claro,PA,-1.38081,-48.31633
68825,Claro,PA,-6.09775,-49.88922
68826,Claro,PA,-0.59539,-47.31881
68827,Claro,PA,-2.4873805555556,-54.67505
68986,Claro,PA,-1.32831,-48.37669
68992,Claro,PA,-1.35906,-48.41692
69010,Vivo,PA,-1.9321111111111,-50.819222222222
69096,TIM,PA,-6.06139,-49.86611
69129,TIM,PA,-5.3568611111111,-49.085977777778
69264,Vivo,PA,-1.67917,-50.48222
69265,Vivo,PA,-1.4687222222222,-56.368944444444
69266,Vivo,PA,-1.3601944444444,-48.429527777778
69269,Vivo,PA,-1.46861,-56.36889
69270,Vivo,PA,-6.64333,-51.991666666667
69271,Vivo,PA,-1.7338333333333,-48.889194444444
69324,Claro,PA,-1.35861,-48.37694
69402,TIM,PA,-1.4515277777778,-48.456277777778
70045,TIM,PA,-0.71477777777778,-47.874722222222
70064,TIM,PA,-1.961,-48.198305555556
70065,TIM,PA,-0.72951111111111,-47.851952777778
70066,TIM,PA,-0.15944444444444,-50.391666666667
70068,TIM,PA,-1.7558055555556,-52.231611111111
70126,Claro,PA,-2.4380111111111,-54.690669444444
70711,Claro,PA,-6.1030305555556,-49.842127777778
70712,Claro,PA,-6.53373,-49.87485
70713,Claro,PA,-6.5099166666667,-49.852916666667
70747,TIM,PA,-5.37,-49.06222
70748,TIM,PA,-3.23167,-52.26444
70755,TIM,PA,-3.7178333333333,-53.738666666667
70874,Vivo,PA,-1.18833,-47.17111
70877,Vivo,PA,-6.06139,-49.86694
70881,Vivo,PA,-1.355,-48.411111111111
70883,Vivo,PA,-1.3880277777778,-48.430591666667
70885,Vivo,PA,-1.3589472222222,-48.453741666667
70889,Vivo,PA,-4.29056,-55.95583
70890,Vivo,PA,-1.90056,-55.51806
70894,Vivo,PA,-3.1778,-52.22169
70895,Vivo,PA,-3.17778,-52.22167
70897,Vivo,PA,-6.0536666666667,-49.858333333333
70901,Vivo,PA,-1.57639,-48.73528
71180,TIM,PA,-2.4272888888889,-54.733172222222
71238,Vivo,PA,-1.45205,-48.481383333333
71239,Vivo,PA,-1.4541111111111,-48.503
71240,Vivo,PA,-1.4483916666667,-48.498605555556
71241,Vivo,PA,-1.4492888888889,-48.497875
71242,Vivo,PA,-1.45155,-48.496655555556
71243,Vivo,PA,-1.4527111111111,-48.495377777778
71244,Vivo,PA,-1.4537333333333,-48.493263888889
71245,Vivo,PA,-1.4521777777778,-48.483
71246,Vivo,PA,-1.4518666666667,-48.477236111111
71247,Vivo,PA,-1.461375,-48.489527777778
71248,Vivo,PA,-1.4313333333333,-48.451138888889
71313,TIM,PA,-1.35583,-48.37722
71314,TIM,PA,-1.3922222222222,-48.397166666667
71315,TIM,PA,-1.3915,-48.372472222222
71316,TIM,PA,-1.3661944444444,-48.418527777778
71317,TIM,PA,-1.3384694444444,-48.375027777778
71421,Claro,PA,-1.193297,-47.170345
71544,Claro,PA,-3.1633694444444,-52.219008333333
71596,Claro,PA,-3.1735472222222,-52.190005555556
71597,Claro,PA,-3.175575,-52.174266666667
71755,TIM,PA,-1.4391111111111,-48.451444444444
71756,TIM,PA,-1.3138055555556,-47.892833333333
71907,TIM,PA,-2.0573055555556,-47.539138888889
72010,TIM,PA,-1.4219555555556,-48.456802777778
72025,TIM,PA,-1.3767222222222,-48.434277777778
72084,TIM,PA,-1.3145027777778,-48.224205555556
72085,TIM,PA,-1.34861,-48.33794
72100,Claro,PA,-3.1849805555556,-52.229358333333
72115,Claro,PA,-3.2058805555556,-52.2144
72399,TIM,PA,-1.392861,-48.429444
72401,TIM,PA,-1.3446111111111,-48.414
72402,TIM,PA,-1.3253611111111,-48.415694444444
72412,TIM,PA,-1.4726388888889,-48.490444444444
72460,TIM,PA,-3.8403277777778,-50.640730555556
72461,TIM,PA,-1.37325,-48.435222222222
72479,TIM,PA,-1.9724722222222,-48.965344444444
72480,TIM,PA,-1.5368333333333,-49.233777777778
72607,TIM,PA,-1.37667,-48.43417
72657,Claro,PA,-1.55,-48.73853
72664,Vivo,PA,-3.19167,-52.20889
72665,Vivo,PA,-6.03056,-49.88833
72666,Vivo,PA,-1.15343,-48.46927
72679,Vivo,PA,-1.62222,-48.80917
72686,Vivo,PA,-3.1918333333333,-52.208944444444
72687,Vivo,PA,-2.449,-54.7052
72688,Vivo,PA,-6.0305555555556,-49.888416666667
72689,Vivo,PA,-1.22583,-48.29639
72692,Claro,PA,-1.45,-48.48806
72700,Vivo,PA,-2.44889,-54.705
72702,Vivo,PA,-0.87,-48.11583
72704,TIM,PA,-2.99861,-47.35472
72706,Vivo,PA,-1.4478777777778,-48.486672222222
72748,Claro,PA,-1.421825,-48.456725
72749,Claro,PA,-1.38417,-48.40944
72791,Claro,PA,-3.1995888888889,-52.256741666667
72811,Vivo,PA,-3.1924861111111,-52.209169444444
72847,Vivo,PA,-3.22275,-52.2235
72848,Vivo,PA,-6.0732361111111,-49.904080555556
72850,Vivo,PA,-3.19222,-52.20917
72852,Vivo,PA,-2.55722,-54.72167
72853,Vivo,PA,-3.19194,-52.22972
72854,Vivo,PA,-1.51471,-48.04416
72857,Vivo,PA,-6.9380222222222,-49.701297222222
72957,Claro,PA,-1.45059,-48.48898
73026,TIM,PA,-6.4385222222222,-50.232058333333
73048,TIM,PA,-1.3315805555556,-48.437
73075,Vivo,PA,-8.25889,-49.28972
73076,Vivo,PA,-2.00306,-54.08083
73078,Vivo,PA,-1.107425,-48.417644444444
73097,TIM,PA,-1.387472,-48.4305
73143,Vivo,PA,-1.10722,-48.4175
73151,TIM,PA,-1.3794444444444,-48.422444444444
73211,Vivo,PA,-1.4949722222222,-48.708305555556
73251,Vivo,PA,-1.4947222222222,-48.708058333333
73259,Claro,PA,-1.45,-48.48806
73260,Claro,PA,-1.45,-48.48806
73311,Claro,PA,-3.1843944444444,-52.215202777778
73423,Claro,PA,-1.47031,-48.45839
73450,Claro,PA,-0.77278,-48.53028
73534,TIM,PA,-1.4068055555556,-48.431944444444
73537,TIM,PA,-1.3251111111111,-48.37625
73562,TIM,PA,-1.3846388888889,-48.396333333333
73621,TIM,PA,-1.3730555555556,-48.431694444444
73631,Vivo,PA,-0.59538,-47.31881
73712,TIM,PA,-1.3846388888889,-48.396333333333
73713,TIM,PA,-1.4710555555556,-48.463777777778
73714,TIM,PA,-1.4191111111111,-48.489888888889
73834,TIM,PA,-1.3944166666667,-48.429027777778
73855,Claro,PA,-1.45056,-48.48889
73989,TIM,PA,-5.34806,-49.08472
73990,TIM,PA,-0.596528,-47.323639
73991,TIM,PA,-6.091475,-49.855738888889
73992,TIM,PA,-2.4538444444444,-54.769580555556
73993,TIM,PA,-1.4022222222222,-48.4805
73994,TIM,PA,-1.3758888888889,-48.331222222222
74064,Vivo,PA,-1.38889,-48.86833
74065,Vivo,PA,-2.93556,-48.95444
74136,TIM,PA,-1.3519444444444,-48.437777777778
74137,TIM,PA,-1.3723888888889,-48.320666666667
74138,TIM,PA,-6.0704444444444,-49.878638888889
74335,Vivo,PA,-1.55033,-48.73853
74337,Vivo,PA,-2.58556,-49.50417
74371,TIM,PA,-6.08325,-49.893444444444
74429,TIM,PA,-1.4675,-48.489722222222
74430,TIM,PA,-1.3958333333333,-48.437222222222
74433,TIM,PA,-1.3736388888889,-48.242916666667
74486,TIM,PA,-1.4631111111111,-48.456583333333
74900,TIM,PA,-1.3480833333333,-48.364194444444
75145,TIM,PA,-1.3422777777778,-48.401111111111
75146,TIM,PA,-6.06875,-49.903583333333
75147,TIM,PA,-2.4338055555556,-54.722166666667
75148,TIM,PA,-0.6325,-47.34167
75435,TIM,PA,-2.4846111111111,-54.725888888889
75436,TIM,PA,-2.4333611111111,-54.709027777778
75808,TIM,PA,-5.53667,-48.72472
75842,TIM,PA,-1.3589444444444,-48.385666666667
75970,TIM,PA,-1.3319722222222,-48.378555555556
76102,Claro,PA,-1.36696,-48.42791
76103,Claro,PA,-5.3711805555556,-49.168441666667
76177,Vivo,PA,-1.2982,-48.4894
76178,Vivo,PA,-1.2982,-48.4894
76615,TIM,PA,-1.3595555555556,-48.37875
76643,TIM,PA,-1.33639,-48.36139
76664,TIM,PA,-2.227306,-49.488256
76675,TIM,PA,-5.300139,-49.081222
76676,TIM,PA,-5.3825,-49.12139
76685,TIM,PA,-5.33194,-49.09083
76686,TIM,PA,-5.37056,-49.11083
76687,TIM,PA,-5.36667,-49.12083
76691,TIM,PA,-6.05194,-49.89722
76692,TIM,PA,-6.09167,-49.89806
76718,Claro,PA,-5.35418,-49.06839
76730,Claro,PA,-0.69917,-48.51222
76745,TIM,PA,-1.39139,-48.40111
76781,Claro,PA,-1.43361,-48.46472
76783,TIM,PA,-1.35028,-48.34806
76784,TIM,PA,-1.359528,-48.456389
76802,TIM,PA,-1.38778,-48.415
76822,Claro,PA,-2.51056,-54.95361
76826,TIM,PA,-5.34111,-49.12528
76875,Vivo,PA,-1.4554388888889,-48.5045
76876,Vivo,PA,-1.4505555555556,-48.501388888889
76878,Vivo,PA,-1.4522694444444,-48.48645
76883,Vivo,PA,-1.18417,-47.18056
76887,Vivo,PA,-1.9357222222222,-47.049638888889
76893,Vivo,PA,-6.4382,-50.2319
76897,Vivo,PA,-6.4136,-50.3206
76901,Vivo,PA,-1.30389,-47.77806
76904,Vivo,PA,-1.4415361111111,-48.492394444444
76912,TIM,PA,-1.33417,-48.38861
76913,TIM,PA,-1.38306,-48.42361
76914,TIM,PA,-1.37431,-48.37867
76915,TIM,PA,-1.33472,-48.41778
76916,TIM,PA,-1.32972,-48.41694
76917,TIM,PA,-1.413167,-48.391139
76918,TIM,PA,-1.38333,-48.38833
76919,TIM,PA,-1.28944,-47.87722
76920,TIM,PA,-1.18472,-47.19167
76921,TIM,PA,-5.352361,-49.10425
76922,TIM,PA,-5.37667,-49.1225
76923,TIM,PA,-5.33694,-49.08861
76924,TIM,PA,-5.33694,-49.08611
76925,TIM,PA,-4.25631,-49.9327
76985,TIM,PA,-1.359056,-48.416917
77075,TIM,PA,-3.21306,-52.21472
77076,TIM,PA,-0.607917,-47.305139
77079,TIM,PA,-1.395,-48.42806
77136,TIM,PA,-1.30389,-48.47861
77137,TIM,PA,-1.22194,-48.55333
77138,TIM,PA,-1.406194,-48.470528
77139,TIM,PA,-1.282833,-48.468139
77140,TIM,PA,-1.2423,-48.450281
77141,TIM,PA,-1.425528,-48.466889
77142,TIM,PA,-1.356139,-48.470944
77143,TIM,PA,-1.40278,-48.43639
77144,TIM,PA,-1.377667,-48.467417
77145,TIM,PA,-1.37861,-48.44889
77146,TIM,PA,-1.3475,-48.47389
77147,TIM,PA,-1.295881,-48.475564
77148,TIM,PA,-1.313722,-48.472889
77149,Vivo,PA,-2.9780611111111,-47.363611111111
77259,TIM,PA,-6.75833,-51.17389
77260,TIM,PA,-6.745,-51.14389
77261,TIM,PA,-1.33806,-48.40694
77441,TIM,PA,-1.33417,-48.36028
77533,TIM,PA,-4.25475,-49.947583
77682,TIM,PA,-2.507222,-54.952639
77700,TIM,PA,-6.3945833333333,-48.563666666667
77702,TIM,PA,-3.9057777777778,-49.38975
77721,TIM,PA,-1.4541388888889,-48.502972222222
77849,TIM,PA,-2.42061,-54.70692
77850,TIM,PA,-2.45783,-54.75286
78157,TIM,PA,-6.09128,-49.84072
78194,TIM,PA,-1.073231,-47.279381
78196,TIM,PA,-0.89061,-47.00128
78266,TIM,PA,-1.43364,-47.91325
78268,TIM,PA,-1.04011,-47.90883
78327,TIM,PA,-1.19247,-47.32134
78379,TIM,PA,-1.4527222222222,-48.495388888889
79093,Vivo,PA,-1.26653,-48.47247
79094,Vivo,PA,-3.1755805555556,-52.174269444444
79096,Vivo,PA,-1.3394361111111,-48.424988888889
79100,Vivo,PA,-4.2955388888889,-47.557447222222
79101,Vivo,PA,-1.3870555555556,-48.333472222222
79102,Vivo,PA,-1.5253722222222,-48.62235
79105,Vivo,PA,-1.4219555555556,-48.456802777778
79106,Vivo,PA,-6.06316,-50.07391
79109,Vivo,PA,-4.44775,-49.09883
79110,Vivo,PA,-0.62302,-47.35917
79112,Vivo,PA,-3.0153,-47.353616666667
79117,Vivo,PA,-2.2672222222222,-46.973055555556
79119,Vivo,PA,-1.37355,-48.409541666667
79120,Vivo,PA,-1.7414166666667,-47.075805555556
79121,Vivo,PA,-1.7505555555556,-47.056722222222
79122,Vivo,PA,-1.516725,-48.717452777778
79125,Vivo,PA,-2.4206111111111,-48.253083333333
79126,Vivo,PA,-2.41874,-48.24196
79128,Vivo,PA,-4.7787222222222,-48.08975
79129,Vivo,PA,-4.1158888888889,-54.908444444444
79132,Vivo,PA,-1.6751,-47.77088
79133,Vivo,PA,-5.2681805555556,-49.07365
79136,Vivo,PA,-1.3841,-48.4105
79138,Vivo,PA,-2.4206944444444,-54.721638888889
79141,Vivo,PA,-1.5040805555556,-48.698338888889
79156,Vivo,PA,-1.29289,-47.96475
79157,Vivo,PA,-1.266525,-48.472466666667
79158,Vivo,PA,-3.1755805555556,-52.174269444444
79159,Vivo,PA,-1.3394361111111,-48.424988888889
79160,Vivo,PA,-1.52942,-52.57733
79161,Vivo,PA,-1.941,-54.71775
79163,Vivo,PA,-1.0629,-46.782008333333
79164,Vivo,PA,-2.9783333333333,-47.363888888889
79166,Vivo,PA,-1.1980555555556,-47.195777777778
79169,Vivo,PA,-1.3870555555556,-48.333472222222
79170,Vivo,PA,-0.60791666666667,-47.305138888889
79171,Vivo,PA,-1.5253722222222,-48.62235
79172,Vivo,PA,-1.27275,-47.93878
79174,Vivo,PA,-1.4219555555556,-48.456802777778
79176,Vivo,PA,-6.0631638888889,-50.073911111111
79177,Vivo,PA,-1.3229666666667,-48.418833333333
79178,Vivo,PA,-1.2936,-47.90748
79179,Vivo,PA,-4.44775,-49.098833333333
79180,Vivo,PA,-0.62301944444444,-47.359169444444
79181,Vivo,PA,-6.53373,-49.87485
79182,Vivo,PA,-2.0414722222222,-47.560194444444
79183,Vivo,PA,-5.23872,-49.05011
79186,Vivo,PA,-2.2672222222222,-46.973055555556
79188,Vivo,PA,-1.37355,-48.409541666667
79189,Vivo,PA,-1.7414166666667,-47.075805555556
79190,Vivo,PA,-1.7505555555556,-47.056722222222
79192,Vivo,PA,-2.99386,-47.34258
79193,Vivo,PA,-2.97833,-47.34311
79194,Vivo,PA,-3.82858,-50.63803
79195,Vivo,PA,-1.516725,-48.717452777778
79197,Vivo,PA,-2.4206111111111,-48.253083333333
79198,Vivo,PA,-2.4187444444444,-48.241961111111
79200,Vivo,PA,-4.7787222222222,-48.08975
79202,Vivo,PA,-1.6751,-47.770875
79203,Vivo,PA,-5.2681805555556,-49.07365
79206,Vivo,PA,-0.76932222222222,-47.173586111111
79207,Vivo,PA,-1.60236,-47.476277777778
79208,Vivo,PA,-1.61336,-47.46556
79209,Vivo,PA,-1.338,-48.28676
79210,Vivo,PA,-1.3841,-48.4105
79212,Vivo,PA,-2.4206944444444,-54.721638888889
79214,Vivo,PA,-3.79911,-49.67647
79215,Vivo,PA,-1.5040805555556,-48.698338888889
79219,Vivo,PA,-6.5337305555556,-49.87485
79220,Vivo,PA,-5.2387222222222,-49.050111111111
79221,Vivo,PA,-1.72225,-49.526111111111
79222,Vivo,PA,-0.76932222222222,-47.173586111111
79228,Vivo,PA,-2.9938611111111,-47.342583333333
79229,Vivo,PA,-2.9783333333333,-47.343111111111
79230,TIM,PA,-1.361833,-50.809528
79236,TIM,PA,-1.93942,-54.72733
79262,Vivo,PA,-1.5294166666667,-52.577327777778
79263,Vivo,PA,-5.3765833333333,-49.137555555556
79264,Vivo,PA,-1.941,-54.71775
79267,Vivo,PA,-1.3229666666667,-48.418833333333
79268,Vivo,PA,-1.3566944444444,-48.25125
79269,Vivo,PA,-2.9783333333333,-47.363888888889
79272,Vivo,PA,-0.60791666666667,-47.305138888889
79486,Vivo,PA,-4.25345,-55.98986
79488,Vivo,PA,-1.2984472222222,-48.48925
79889,TIM,PA,-1.34289,-48.38797
79890,TIM,PA,-1.35975,-48.42389
79891,TIM,PA,-3.21847,-52.23286
79892,TIM,PA,-5.33689,-49.07081
80043,Claro,PA,-1.45299,-48.47769
80091,TIM,PA,-0.919389,-47.92925
80096,TIM,PA,-1.961417,-47.303222
80097,TIM,PA,-1.870028,-47.391806
80098,TIM,PA,-5.431081,-49.67015
80099,TIM,PA,-5.351111,-50.275667
80100,TIM,PA,-2.518722,-49.039694
80101,TIM,PA,-2.305306,-48.77525
80102,TIM,PA,-2.095472,-48.670944
80103,TIM,PA,-0.8875,-47.732222
80104,TIM,PA,-1.98125,-47.4365
80105,TIM,PA,-2.36,-47.068083
80106,TIM,PA,-1.914622,-55.180183
80107,TIM,PA,-1.843861,-55.182333
80108,TIM,PA,-3.866194,-50.447389
80109,TIM,PA,-2.945722,-46.744861
80110,TIM,PA,-3.725306,-54.818694
80111,TIM,PA,-8.221028,-50.01425
80112,TIM,PA,-0.741194,-47.291444
80113,TIM,PA,-8.778361,-50.473583
80114,TIM,PA,-9.538833,-50.860972
80115,TIM,PA,-9.294611,-50.045389
80116,TIM,PA,-9.229111,-50.211917
80117,TIM,PA,-9.065389,-50.633222
80118,TIM,PA,-1.312222,-47.429556
80119,TIM,PA,-1.47665,-47.643569
80120,TIM,PA,-1.12875,-48.263444
80121,TIM,PA,-5.415583,-48.94425
80122,TIM,PA,-2.277111,-55.479056
80123,TIM,PA,-1.844792,-47.639236
80124,TIM,PA,-6.361333,-51.303861
80125,TIM,PA,-5.626194,-51.137361
80126,TIM,PA,-6.885889,-51.200222
80127,TIM,PA,-0.950861,-47.869
80128,TIM,PA,-2.663333,-48.833194
80129,TIM,PA,-2.433833,-48.736944
80130,TIM,PA,-1.176528,-47.000639
80131,TIM,PA,-1.153694,-46.968194
80132,TIM,PA,-0.934167,-48.166056
80133,TIM,PA,-2.061556,-46.677639
80134,TIM,PA,-1.682111,-46.711806
80135,TIM,PA,-1.488389,-46.644556
80136,TIM,PA,-6.537611,-49.406222
80137,TIM,PA,-5.745861,-48.320472
80138,TIM,PA,-1.303694,-46.331389
80144,TIM,PA,-4.965583,-49.447861
80166,TIM,PA,-1.623111,-48.800361
80167,TIM,PA,-2.438583,-48.8375
80168,TIM,PA,-3.334028,-55.322389
80169,TIM,PA,-3.946667,-55.582417
80170,TIM,PA,-2.904694,-49.659806
80171,TIM,PA,-1.093281,-47.848081
80172,TIM,PA,-2.027556,-46.262333
80173,TIM,PA,-2.010417,-46.462472
80174,TIM,PA,-0.894763,-48.666278
80175,TIM,PA,-0.909389,-48.235667
80176,TIM,PA,-0.903024,-48.231075
80177,TIM,PA,-2.375278,-49.549417
80178,TIM,PA,-2.132944,-49.316167
80179,TIM,PA,-2.498694,-49.423028
80180,TIM,PA,-2.203944,-47.226306
80181,TIM,PA,-1.9144222,-47.162686
80182,TIM,PA,-1.087333,-46.986556
80183,TIM,PA,-9.489972,-51.157611
80184,TIM,PA,-4.119789,-47.546189
80185,TIM,PA,-6.839028,-56.584056
80186,TIM,PA,-1.278583,-47.588333
80187,TIM,PA,-2.28075,-49.170667
80188,TIM,PA,-5.1110805,-49.9842
80302,TIM,PA,-1.722222,-48.88075
80470,TIM,PA,-0.815049,-47.022528
80473,TIM,PA,-1.751055,-46.399305
80506,TIM,PA,-1.402808,-48.437627
80528,TIM,PA,-3.827333,-50.627388
80563,TIM,PA,-1.070611,-46.556917
80680,TIM,PA,-2.032066667,-47.749846
80696,TIM,PA,-2.9255388,-48.9469638
80697,TIM,PA,-2.9617222,-48.9481111
80698,TIM,PA,-1.1899777,-46.143633
80699,TIM,PA,-3.8278611,-50.6290055
80700,TIM,PA,-3.8276388,-50.6393055
80775,Vivo,PA,-1.35776,-48.41073
80778,Vivo,PA,-1.90033,-55.50175
80779,Vivo,PA,-0.71174,-47.30075
80780,Vivo,PA,-1.4008,-48.37094
80782,Vivo,PA,-2.39958,-48.22836
80783,Vivo,PA,-1.53633,-48.68686
80784,Vivo,PA,-5.82105,-49.76926
80850,Vivo,PA,-1.90033,-55.50107
80851,Vivo,PA,-0.71174,-47.30075
80852,Vivo,PA,-1.30422,-48.1695
80853,Vivo,PA,-3.1652,-52.21991
80854,Vivo,PA,-1.31472,-48.16218
80872,TIM,PA,-1.513944,-48.415306
80873,TIM,PA,-3.827472,-55.494611
80915,TIM,PA,-2.5213888888889,-56.223916666667
80997,Vivo,PA,-5.82105,-49.76926
80998,Vivo,PA,-2.25669,-49.52338
81107,TIM,PA,-1.930365,-47.044188
81108,TIM,PA,-1.52575,-46.904861
81132,Vivo,PA,-0.626,-47.63367
81133,Vivo,PA,-1.36983,-48.44645
81168,TIM,PA,-0.6544436,-47.473231
81171,TIM,PA,-1.95616666,-48.350888
81175,TIM,PA,-1.164694,-47.724611
81176,TIM,PA,-2.027830556,-46.91866944
81177,TIM,PA,-1.992372222,-46.95083333
81208,TIM,PA,-5.7004444444444,-48.39925
81209,TIM,PA,-2.44,-47.14473
81210,TIM,PA,-2.48263,-47.18381
81211,TIM,PA,-1.7943611111111,-53.475472222222
81212,TIM,PA,-6.4445555555556,-48.867194444444
81213,TIM,PA,-1.4295833333333,-46.472361111111
81227,Vivo,PA,-1.3623,-48.36527
81228,Vivo,PA,-6.09147,-49.85573
81289,TIM,PA,-4.1158888888889,-54.908444444444
81290,TIM,PA,-3.828583,-50.638028
81436,Vivo,PA,-5.37468,-49.16021
81437,Vivo,PA,-3.78066,-49.67566
81438,Vivo,PA,-3.76583,-49.67305
81439,Vivo,PA,-3.83472,-49.67611
81440,Vivo,PA,-3.83425,-49.68661
81456,TIM,PA,-1.469306,-48.496444
81457,TIM,PA,-1.004361,-50.87975
81458,TIM,PA,-5.948194,-49.660417
81459,TIM,PA,-1.806237,-49.79808333
81460,TIM,PA,-2.39043,-47.54498
81461,TIM,PA,-3.45433,-52.8932
81462,TIM,PA,-2.68413,-54.64149
81463,TIM,PA,-7.832472,-50.039917
81464,TIM,PA,-8.871194,-49.7195
81465,TIM,PA,-0.853056,-47.922806
81466,TIM,PA,-6.862306,-49.1353
81502,TIM,PA,-1.59425,-46.1600833
81601,Vivo,PA,-1.52072,-48.64923
81604,Vivo,PA,-1.28265,-48.32195
81859,Vivo,PA,-8.06645,-50.03413
81862,Vivo,PA,-2.98927,-47.35972
81880,TIM,PA,-2.170194,-56.741806
81881,TIM,PA,-5.018222,-56.18475
81882,TIM,PA,-2.100833,-56.484417
81883,TIM,PA,-2.486306,-48.750389
81936,TIM,PA,-3.63984,-55.37603
81937,TIM,PA,-1.888928,-55.120028
82015,Vivo,PA,-2.04147,-47.56019
82018,Vivo,PA,-2.24154,-48.16069
82276,TIM,PA,-1.175222,-47.794056
82277,TIM,PA,-4.701806,-55.997222
82278,TIM,PA,-0.607694,-47.372
82348,TIM,PA,-1.167139,-50.48855
82349,TIM,PA,-3.304333,-52.533278
82350,TIM,PA,-2.448278,-49.438278
82351,TIM,PA,-1.76875,-47.168528
82352,TIM,PA,-1.854333,-49.016833
82353,TIM,PA,-3.484,-48.959444
82354,TIM,PA,-2.450583,-56.404055
82576,Vivo,PA,-2.41547,-48.16069
82798,TIM,PA,-1.377607,-48.3988
82799,TIM,PA,-8.3142,-55.0951
82800,TIM,PA,-1.7355555,-47.1741111
82801,TIM,PA,-4.35908,-55.78137
82802,TIM,PA,-5.3956833,-50.1103944
82803,TIM,PA,-5.2330111,-49.5635111
82804,TIM,PA,-5.5310388,-50.1899638
82805,TIM,PA,-2.69175,-50.52951
82806,TIM,PA,-7.922361,-50.418778
82807,TIM,PA,-5.4891611,-51.20365
82808,TIM,PA,-0.98275,-47.8846111
82809,TIM,PA,-1.1748333,-46.2058888
82962,Vivo,PA,-5.95661,-49.62358
82985,TIM,PA,-1.718556,-49.531222
83011,Vivo,PA,-1.54007,-48.72762
83088,Vivo,PA,-1.29423,-48.43436
83089,Vivo,PA,-1.28122,-47.9603
83090,Vivo,PA,-1.26285,-47.89113
83091,Vivo,PA,-1.40208,-48.43132
83115,Vivo,PA,-1.35933,-48.32652
83116,Vivo,PA,-1.38652,-48.46865
83486,Vivo,PA,-2.43981,-54.75576
83488,Vivo,PA,-2.45338,-54.75861
83563,TIM,PA,-3.11924,-51.69961
83570,TIM,PA,-3.53235,-48.99631
83597,Claro,PA,-1.42567,-48.45039
83634,Vivo,PA,-8.01888,-50.057
83636,Vivo,PA,-3.23151,-52.24051
83710,TIM,PA,-0.759455,-47.363032
83711,TIM,PA,-3.9679,-47.541161
83734,TIM,PA,-1.389,-48.464667
83921,TIM,PA,-7.350472,-50.40825
83926,TIM,PA,-1.757734,-46.54308
83930,Vivo,PA,-1.31942,-48.4437
84301,TIM,PA,-3.6608611,-50.9591944
84303,TIM,PA,-1.994722,-47.9423055
84304,TIM,PA,-1.9034166,-50.2050277
84305,TIM,PA,-4.9499611,-48.394988
84308,TIM,PA,-6.0958944,-52.2413388
84509,Vivo,PA,-5.78371,-50.51056
84890,Claro,PA,-1.46165,-48.46395
85208,Vivo,PA,-5.9575,-49.6153
85280,TIM,PA,-6.1069527,-57.3814444
85299,TIM,PA,-3.45563,-51.20705
85303,TIM,PA,-2.269416,-46.969694
85304,TIM,PA,-1.078471,-46.902061
85305,TIM,PA,-1.01256,-48.96239
85306,TIM,PA,-7.815554,-50.768504
85308,TIM,PA,-1.40122,-48.86125
85309,TIM,PA,-1.689822,-47.766844
85310,TIM,PA,-1.77075,-46.543167
85373,TIM,PA,-1.51779166,-48.04123611
85374,TIM,PA,-1.80435,-50.71725
85375,TIM,PA,-0.748333,-48.02416
85376,TIM,PA,-0.92869,-47.3937
85377,TIM,PA,-1.3916,-48.86928055
85390,TIM,PA,-0.763237,-47.458871
85397,TIM,PA,-1.759333,-48.407972
85398,TIM,PA,-1.548,-55.155499
85408,TIM,PA,-1.679558,-47.771983
85640,TIM,PA,-0.830333,-46.6045833
85651,TIM,PA,-6.2158333,-57.7606666
85656,TIM,PA,-3.20142,-52.25693
85663,TIM,PA,-2.286994,-46.970664
85686,TIM,PA,-2.927211,-46.7114611
85839,TIM,PA,-5.0483056,-48.602917
85840,TIM,PA,-1.8958333,-49.385556
85841,TIM,PA,-4.9194444,-49.086667
85842,TIM,PA,-4.92,-49.079167
85843,TIM,PA,-2.0022222,-49.865556
85844,TIM,PA,-2.0054194,-49.85665
85845,TIM,PA,-0.9448611,-47.124794
85846,TIM,PA,-1.1525,-48.1303
85847,TIM,PA,-1.1505556,-48.139444
85848,TIM,PA,-2.5888361,-51.949194
85849,TIM,PA,-2.5808333,-51.924444
85850,TIM,PA,-6.9377778,-49.701111
85851,TIM,PA,-2.9022222,-52.013611
85852,TIM,PA,-2.8851111,-52.014694
85898,Claro,PA,-1.4775,-48.48547
85902,TIM,PA,-1.3785,-48.445528
86010,TIM,PA,-3.02849,-47.46332
86095,Claro,PA,-1.60236,-47.47628
86167,Claro,PA,-1.31772,-48.43746
86168,Claro,PA,-1.43403,-48.45617
86169,Claro,PA,-1.29944,-48.48067
86170,Claro,PA,-1.37328,-48.24592
86172,Claro,PA,-1.18103,-47.18739
86277,Claro,PA,-1.3685,-48.36364
86278,Claro,PA,-1.38706,-48.33347
86279,Claro,PA,-1.20742,-47.18367
86280,Claro,PA,-1.29614,-48.17172
86499,TIM,PA,-2.005058,-49.859606
86500,TIM,PA,-2.580833,-51.924444
86515,TIM,PA,-5.165889,-48.897944
86516,TIM,PA,-4.920847,-49.077094
86517,TIM,PA,-1.152844,-48.133211
87100,TIM,PA,-1.226666,-48.292777
87174,Vivo,PA,-1.05147,-46.7888
87176,Vivo,PA,-1.2982,-47.98076
87336,TIM,PA,-0.86694,-52.54111
87337,TIM,PA,-8.28556,-49.27417
87338,TIM,PA,-6.10361,-49.37472
87339,TIM,PA,-3.84667,-49.09583
87340,TIM,PA,-2.15139,-56.08083
87341,TIM,PA,-8.03139,-50.0325
87342,TIM,PA,-8.04306,-50.00611
87343,TIM,PA,-8.05472,-50.03222
87782,Vivo,PA,-4.26661944,-55.99251944
88219,TIM,PA,-1.3811055,-48.4074
88377,TIM,PA,-0.606917,-47.372318
88790,TIM,PA,-4.25583,-49.95722
88791,TIM,PA,-6.09167,-49.85583
88792,TIM,PA,-6.10056,-49.86361
88793,TIM,PA,-6.05778,-49.885
89330,TIM,PA,-0.694417,-47.328194
89502,Claro,PA,-1.37861,-48.37519
89506,Claro,PA,-1.50278,-48.61883
89507,Claro,PA,-1.30982,-48.48482
89508,Claro,PA,-1.30579,-48.46168
89509,Claro,PA,-1.51944,-48.03528
89510,Claro,PA,-1.36452,-48.30963
89857,Claro,PA,-1.44642,-48.45825
89858,Claro,PA,-1.33925,-48.43778
89859,Claro,PA,-1.19299,-47.17975
89860,Claro,PA,-0.72945,-47.85207
89861,Claro,PA,-1.20667,-47.17639
89862,Claro,PA,-1.28775,-47.92111
89863,Claro,PA,-1.31472,-48.16222
89865,Claro,PA,-1.88811,-48.76547
89970,Claro,PA,-1.38029,-48.45641
89971,Claro,PA,-1.28747,-47.92919
89972,Claro,PA,-1.28212,-47.94982
89973,Claro,PA,-1.31383,-47.8929
89974,Claro,PA,-1.40442,-48.43972
89975,Claro,PA,-1.29814,-47.98092
89978,Claro,PA,-1.96286,-48.3507
89979,Claro,PA,-2.13297,-47.55936
89980,Claro,PA,-1.36871,-48.38327
89981,Claro,PA,-1.51967,-48.70454
89983,Claro,PA,-1.29217,-47.90415
89984,Claro,PA,-0.99001,-46.74991
89985,Claro,PA,-0.99226,-46.67137
89986,Claro,PA,-1.99132,-47.94738
89987,Claro,PA,-0.82275,-47.85735
89988,Claro,PA,-1.74232,-47.49906
89989,Claro,PA,-0.82889,-47.44833
89990,Claro,PA,-1.03301,-47.3513
89991,Claro,PA,-2.99166,-47.37615
89992,Claro,PA,-3.24683,-47.73744
89993,Claro,PA,-1.37762,-48.44401
89994,Claro,PA,-1.44818,-48.48282
89995,Claro,PA,-2.99694,-47.35667
89996,Claro,PA,-0.85672,-48.14118
90035,TIM,PA,-1.445561,-48.483872
90101,TIM,PA,-2.902222,-52.013611
90102,TIM,PA,-4.92,-49.079167
90271,TIM,PA,-5.28861,-49.07639
90272,TIM,PA,-4.25583,-49.95722
90273,TIM,PA,-6.09167,-49.85583
90274,TIM,PA,-6.05778,-49.885
90362,TIM,PA,-3.707889,-47.730056
90363,TIM,PA,-3.786775,-47.7416
90364,TIM,PA,-3.703,-47.563894
90365,TIM,PA,-3.70425,-47.850733
90366,TIM,PA,-3.712056,-47.951667
90378,TIM,PA,-2.525528,-48.796111
90379,TIM,PA,-2.580692,-48.522961
90380,TIM,PA,-2.532289,-48.709775
90381,TIM,PA,-2.49225,-48.6255
90382,TIM,PA,-2.444,-48.739639
90489,TIM,PA,-0.92139,-52.44139
90490,TIM,PA,-3.19667,-52.18778
90491,TIM,PA,-3.20667,-52.20944
90492,TIM,PA,-6.43833,-50.23194
90493,TIM,PA,-6.46,-50.07417
90494,TIM,PA,-4.24583,-55.98556
90495,TIM,PA,-5.26,-50.46444
90496,TIM,PA,-5.21028,-49.04444
90497,TIM,PA,-5.41278,-49.10694
90498,TIM,PA,-5.78361,-50.51083
90499,TIM,PA,-5.80194,-50.51472
90500,TIM,PA,-5.925,-50.28139
90501,TIM,PA,-6.03306,-50.58111
90502,TIM,PA,-6.115,-50.28861
90503,TIM,PA,-6.06056,-50.185
90504,TIM,PA,-6.04694,-50.1475
90505,TIM,PA,-2.62333,-54.73306
90506,TIM,PA,-2.55528,-54.72194
90507,TIM,PA,-6.64194,-51.97472
90508,TIM,PA,-3.13889,-51.77111
90509,TIM,PA,-3.12611,-51.77833
90510,TIM,PA,-3.42194,-51.89139
90511,TIM,PA,-3.29361,-51.91917
90512,TIM,PA,-3.12694,-51.81306
90646,TIM,PA,-2.664272,-48.859538
90647,TIM,PA,-2.526598,-48.763493
90648,TIM,PA,-2.548205,-48.767527
90917,Claro,PA,-1.43418,-48.48389
90918,Claro,PA,-1.45253,-48.47107
90920,Claro,PA,-0.77933,-47.18215
90921,Claro,PA,-1.34996,-48.45764
90922,Claro,PA,-1.455,-48.49
90923,Claro,PA,-1.09768,-48.40612
90924,Claro,PA,-3.01352,-47.35612
90925,Claro,PA,-1.98445,-48.96161
90926,Claro,PA,-2.97806,-47.36361
90927,Claro,PA,-1.29989,-47.91431
90929,Claro,PA,-1.05605,-46.76369
90930,Claro,PA,-1.06831,-46.77248
90931,Claro,PA,-2.7884,-49.67462
90932,Claro,PA,-1.44929,-48.49719
90933,Claro,PA,-1.45065,-48.46317
90934,Claro,PA,-1.46831,-48.45497
90935,Claro,PA,-1.40444,-48.42556
90936,Claro,PA,-1.43316,-48.4704
90937,Claro,PA,-1.44885,-48.47727
90938,Claro,PA,-1.45885,-48.4853
90939,Claro,PA,-1.44231,-48.46192
90940,Claro,PA,-1.45142,-48.49958
90941,Claro,PA,-1.14193,-48.46243
90942,Claro,PA,-1.42517,-48.48297
90943,Claro,PA,-1.42636,-48.47039
90944,Claro,PA,-1.41428,-48.47777
90945,Claro,PA,-1.47034,-48.47827
90946,Claro,PA,-1.27977,-48.3236
90947,Claro,PA,-1.27456,-47.90304
90948,Claro,PA,-1.3751,-48.32298
90949,Claro,PA,-1.29871,-48.16248
90950,Claro,PA,-1.29358,-48.1542
90951,Claro,PA,-1.67507,-47.77076
90952,Claro,PA,-2.94408,-48.95453
90953,Claro,PA,-0.87011,-48.11592
91047,Claro,PA,-1.33601,-48.40127
91048,Claro,PA,-1.36419,-48.39987
91049,Claro,PA,-1.33981,-48.41708
91050,Claro,PA,-1.385,-48.41
91051,Claro,PA,-1.36789,-48.373
91052,Claro,PA,-1.34001,-48.35395
91053,Claro,PA,-1.51832,-48.69068
91054,Claro,PA,-1.5641,-48.76127
91055,Claro,PA,-1.45316,-48.48194
91056,Claro,PA,-1.26557,-48.45211
91084,Vivo,PA,-2.98027,-47.37913
91379,TIM,PA,-3.83389,-49.68639
91389,TIM,PA,-5.9575,-49.61528
91394,TIM,PA,-1.75222,-52.23556
91613,Claro,PA,-1.3455,-48.39642
91732,Claro,PA,-2.03722,-47.75111
91733,Claro,PA,-1.35044,-48.44928
91763,Claro,PA,-1.34219,-48.47806
91764,Claro,PA,-1.3279,-48.46499
91765,Claro,PA,-1.44424,-48.47055
91766,Claro,PA,-1.07232,-48.39244
91767,Claro,PA,-1.44216,-48.44783
91768,Claro,PA,-1.43683,-48.45467
91769,Claro,PA,-1.45376,-48.49432
91772,Claro,PA,-1.06695,-46.55341
91773,Claro,PA,-1.80223,-47.3304
91777,Claro,PA,-0.71174,-47.3007
91778,Claro,PA,-0.96281,-48.08936
91779,Claro,PA,-0.62718,-47.63932
91780,Claro,PA,-2.41875,-48.24193
91781,Claro,PA,-0.77647,-47.44943
